5703;"2019-07-01 00:00:00";"373";"2";"13"
5703;"2019-07-01 00:15:00";"314";"11";"16"
5703;"2019-07-01 00:30:00";"369";"6";"15"
5703;"2019-07-01 00:45:00";"352";"6";"13"
5703;"2019-07-01 01:00:00";"276";"1";"13"
5703;"2019-07-01 01:15:00";"262";"2";"11"
5703;"2019-07-01 01:30:00";"167";"1";"8"
5703;"2019-07-01 01:45:00";"146";"9";"11"
5703;"2019-07-01 02:00:00";"199";"1";"8"
5703;"2019-07-01 02:15:00";"147";"13";"13"
5703;"2019-07-01 02:30:00";"139";"7";"6"
5703;"2019-07-01 02:45:00";"134";"3";"7"
5703;"2019-07-01 03:00:00";"107";"0";"5"
5703;"2019-07-01 03:15:00";"117";"1";"5"
5703;"2019-07-01 03:30:00";"83";"7";"8"
5703;"2019-07-01 03:45:00";"98";"9";"3"
5703;"2019-07-01 04:00:00";"47";"5";"5"
5703;"2019-07-01 04:15:00";"145";"0";"3"
5703;"2019-07-01 04:30:00";"111";"10";"10"
5703;"2019-07-01 04:45:00";"126";"0";"4"
5703;"2019-07-01 05:00:00";"62";"0";"2"
5703;"2019-07-01 05:15:00";"64";"0";"2"
5703;"2019-07-01 05:30:00";"78";"0";"2"
5703;"2019-07-01 05:45:00";"92";"0";"4"
5703;"2019-07-01 06:00:00";"128";"0";"4"
5703;"2019-07-01 06:15:00";"181";"0";"4"
5703;"2019-07-01 06:30:00";"147";"6";"8"
5703;"2019-07-01 06:45:00";"264";"0";"7"
5703;"2019-07-01 07:00:00";"332";"1";"11"
5703;"2019-07-01 07:15:00";"478";"1";"16"
5703;"2019-07-01 07:30:00";"586";"3";"21"
5703;"2019-07-01 07:45:00";"872";"8";"30"
5703;"2019-07-01 08:00:00";"1106";"12";"41"
5703;"2019-07-01 08:15:00";"1192";"8";"46"
5703;"2019-07-01 08:30:00";"1099";"6";"42"
5703;"2019-07-01 08:45:00";"1125";"7";"43"
5703;"2019-07-01 09:00:00";"1137";"8";"44"
5703;"2019-07-01 09:15:00";"951";"7";"38"
5703;"2019-07-01 09:30:00";"909";"6";"37"
5703;"2019-07-01 09:45:00";"815";"5";"32"
5703;"2019-07-01 10:00:00";"771";"6";"29"
5703;"2019-07-01 10:15:00";"710";"4";"31"
5703;"2019-07-01 10:30:00";"741";"7";"30"
5703;"2019-07-01 10:45:00";"804";"5";"28"
5703;"2019-07-01 11:00:00";"867";"11";"34"
5703;"2019-07-01 11:15:00";"852";"6";"33"
5703;"2019-07-01 11:30:00";"846";"7";"35"
5703;"2019-07-01 11:45:00";"911";"11";"33"
5703;"2019-07-01 12:00:00";"979";"10";"41"
5703;"2019-07-01 12:15:00";"1009";"28";"43"
5703;"2019-07-01 12:30:00";"954";"45";"47"
5703;"2019-07-01 12:45:00";"959";"10";"41"
5703;"2019-07-01 13:00:00";"912";"8";"40"
5703;"2019-07-01 13:15:00";"822";"12";"36"
5703;"2019-07-01 13:30:00";"930";"17";"38"
5703;"2019-07-01 13:45:00";"1005";"7";"38"
5703;"2019-07-01 14:00:00";"912";"6";"37"
5703;"2019-07-01 14:15:00";"1011";"12";"39"
5703;"2019-07-01 14:30:00";"1010";"7";"40"
5703;"2019-07-01 14:45:00";"827";"8";"36"
5703;"2019-07-01 15:00:00";"870";"10";"34"
5703;"2019-07-01 15:15:00";"737";"14";"32"
5703;"2019-07-01 15:30:00";"851";"4";"31"
5703;"2019-07-01 15:45:00";"797";"10";"32"
5703;"2019-07-01 16:00:00";"636";"3";"26"
5703;"2019-07-01 16:15:00";"801";"4";"27"
5703;"2019-07-01 16:30:00";"726";"5";"30"
5703;"2019-07-01 16:45:00";"678";"10";"28"
5703;"2019-07-01 17:00:00";"706";"7";"28"
5703;"2019-07-01 17:15:00";"838";"14";"32"
5703;"2019-07-01 17:30:00";"601";"22";"33"
5703;"2019-07-01 17:45:00";"709";"4";"27"
5703;"2019-07-01 18:00:00";"797";"10";"33"
5703;"2019-07-01 18:15:00";"647";"23";"30"
5703;"2019-07-01 18:30:00";"748";"20";"34"
5703;"2019-07-01 18:45:00";"705";"14";"31"
5703;"2019-07-01 19:00:00";"796";"12";"30"
5703;"2019-07-01 19:15:00";"890";"7";"35"
5703;"2019-07-01 19:30:00";"893";"6";"33"
5703;"2019-07-01 19:45:00";"797";"7";"34"
5703;"2019-07-01 20:00:00";"867";"5";"30"
5703;"2019-07-01 20:15:00";"815";"6";"34"
5703;"2019-07-01 20:30:00";"895";"6";"32"
5703;"2019-07-01 20:45:00";"743";"5";"30"
5703;"2019-07-01 21:00:00";"766";"5";"29"
5703;"2019-07-01 21:15:00";"655";"4";"28"
5703;"2019-07-01 21:30:00";"603";"7";"25"
5703;"2019-07-01 21:45:00";"518";"19";"25"
5703;"2019-07-01 22:00:00";"461";"2";"18"
5703;"2019-07-01 22:15:00";"491";"2";"17"
5703;"2019-07-01 22:30:00";"430";"3";"19"
5703;"2019-07-01 22:45:00";"468";"2";"17"
5703;"2019-07-01 23:00:00";"424";"2";"17"
5703;"2019-07-01 23:15:00";"314";"8";"14"
5703;"2019-07-01 23:30:00";"316";"2";"14"
5703;"2019-07-01 23:45:00";"374";"2";"12"
5703;"2019-07-02 00:00:00";"291";"2";"13"
5703;"2019-07-02 00:15:00";"303";"3";"13"
5703;"2019-07-02 00:30:00";"255";"2";"10"
5703;"2019-07-02 00:45:00";"233";"1";"8"
5703;"2019-07-02 01:00:00";"185";"1";"8"
5703;"2019-07-02 01:15:00";"167";"0";"6"
5703;"2019-07-02 01:30:00";"183";"0";"6"
5703;"2019-07-02 01:45:00";"129";"0";"5"
5703;"2019-07-02 02:00:00";"107";"0";"4"
5703;"2019-07-02 02:15:00";"109";"0";"3"
5703;"2019-07-02 02:30:00";"121";"0";"4"
5703;"2019-07-02 02:45:00";"98";"0";"3"
5703;"2019-07-02 03:00:00";"147";"4";"6"
5703;"2019-07-02 03:15:00";"86";"0";"5"
5703;"2019-07-02 03:30:00";"85";"3";"3"
5703;"2019-07-02 03:45:00";"79";"0";"2"
5703;"2019-07-02 04:00:00";"74";"0";"3"
5703;"2019-07-02 04:15:00";"47";"0";"1"
5703;"2019-07-02 04:30:00";"57";"6";"3"
5703;"2019-07-02 04:45:00";"89";"1";"5"
5703;"2019-07-02 05:00:00";"89";"0";"3"
5703;"2019-07-02 05:15:00";"98";"0";"2"
5703;"2019-07-02 05:30:00";"66";"0";"3"
5703;"2019-07-02 05:45:00";"114";"1";"5"
5703;"2019-07-02 06:00:00";"109";"0";"4"
5703;"2019-07-02 06:15:00";"148";"0";"4"
5703;"2019-07-02 06:30:00";"153";"0";"3"
5703;"2019-07-02 06:45:00";"258";"1";"7"
5703;"2019-07-02 07:00:00";"318";"2";"12"
5703;"2019-07-02 07:15:00";"457";"1";"14"
5703;"2019-07-02 07:30:00";"605";"2";"20"
5703;"2019-07-02 07:45:00";"771";"6";"26"
5703;"2019-07-02 08:00:00";"1137";"8";"40"
5703;"2019-07-02 08:15:00";"1204";"12";"48"
5703;"2019-07-02 08:30:00";"1017";"8";"43"
5703;"2019-07-02 08:45:00";"1109";"9";"42"
5703;"2019-07-02 09:00:00";"1132";"10";"45"
5703;"2019-07-02 09:15:00";"1041";"29";"46"
5703;"2019-07-02 09:30:00";"777";"22";"37"
5703;"2019-07-02 09:45:00";"782";"10";"35"
5703;"2019-07-02 10:00:00";"755";"6";"29"
5703;"2019-07-02 10:15:00";"698";"5";"29"
5703;"2019-07-02 10:30:00";"916";"8";"34"
5703;"2019-07-02 10:45:00";"866";"7";"36"
5703;"2019-07-02 11:00:00";"758";"6";"29"
5703;"2019-07-02 11:15:00";"842";"7";"31"
5703;"2019-07-02 11:30:00";"848";"6";"31"
5703;"2019-07-02 11:45:00";"777";"6";"31"
5703;"2019-07-02 12:00:00";"798";"6";"32"
5703;"2019-07-02 12:15:00";"993";"8";"37"
5703;"2019-07-02 12:30:00";"869";"7";"36"
5703;"2019-07-02 12:45:00";"858";"7";"33"
5703;"2019-07-02 13:00:00";"841";"7";"32"
5703;"2019-07-02 13:15:00";"847";"10";"33"
5703;"2019-07-02 13:30:00";"864";"9";"34"
5703;"2019-07-02 13:45:00";"932";"12";"36"
5703;"2019-07-02 14:00:00";"815";"8";"34"
5703;"2019-07-02 14:15:00";"908";"11";"33"
5703;"2019-07-02 14:30:00";"914";"10";"38"
5703;"2019-07-02 14:45:00";"1058";"10";"41"
5703;"2019-07-02 15:00:00";"813";"14";"35"
5703;"2019-07-02 15:15:00";"918";"7";"35"
5703;"2019-07-02 15:30:00";"832";"8";"35"
5703;"2019-07-02 15:45:00";"836";"11";"33"
5703;"2019-07-02 16:00:00";"755";"11";"35"
5703;"2019-07-02 16:15:00";"594";"16";"25"
5703;"2019-07-02 16:30:00";"643";"21";"32"
5703;"2019-07-02 16:45:00";"617";"19";"28"
5703;"2019-07-02 17:00:00";"640";"19";"29"
5703;"2019-07-02 17:15:00";"875";"9";"32"
5703;"2019-07-02 17:30:00";"695";"7";"29"
5703;"2019-07-02 17:45:00";"783";"7";"28"
5703;"2019-07-02 18:00:00";"801";"17";"33"
5703;"2019-07-02 18:15:00";"717";"15";"32"
5703;"2019-07-02 18:30:00";"925";"11";"34"
5703;"2019-07-02 18:45:00";"875";"9";"36"
5703;"2019-07-02 19:00:00";"798";"7";"35"
5703;"2019-07-02 19:15:00";"909";"9";"34"
5703;"2019-07-02 19:30:00";"942";"7";"35"
5703;"2019-07-02 19:45:00";"901";"7";"37"
5703;"2019-07-02 20:00:00";"727";"16";"34"
5703;"2019-07-02 20:15:00";"657";"9";"28"
5703;"2019-07-02 20:30:00";"787";"7";"31"
5703;"2019-07-02 20:45:00";"734";"10";"30"
5703;"2019-07-02 21:00:00";"691";"11";"28"
5703;"2019-07-02 21:15:00";"753";"5";"26"
5703;"2019-07-02 21:30:00";"659";"10";"29"
5703;"2019-07-02 21:45:00";"568";"12";"25"
5703;"2019-07-02 22:00:00";"570";"17";"27"
5703;"2019-07-02 22:15:00";"574";"10";"22"
5703;"2019-07-02 22:30:00";"574";"11";"27"
5703;"2019-07-02 22:45:00";"500";"7";"23"
5703;"2019-07-02 23:00:00";"394";"4";"18"
5703;"2019-07-02 23:15:00";"351";"12";"17"
5703;"2019-07-02 23:30:00";"426";"6";"18"
5703;"2019-07-02 23:45:00";"386";"2";"14"
5703;"2019-07-03 00:00:00";"399";"2";"14"
5703;"2019-07-03 00:15:00";"371";"2";"15"
5703;"2019-07-03 00:30:00";"285";"1";"11"
5703;"2019-07-03 00:45:00";"252";"1";"10"
5703;"2019-07-03 01:00:00";"213";"1";"9"
5703;"2019-07-03 01:15:00";"256";"0";"7"
5703;"2019-07-03 01:30:00";"172";"1";"8"
5703;"2019-07-03 01:45:00";"175";"7";"8"
5703;"2019-07-03 02:00:00";"139";"0";"7"
5703;"2019-07-03 02:15:00";"146";"1";"7"
5703;"2019-07-03 02:30:00";"103";"7";"6"
5703;"2019-07-03 02:45:00";"87";"0";"4"
5703;"2019-07-03 03:00:00";"83";"0";"2"
5703;"2019-07-03 03:15:00";"135";"0";"2"
5703;"2019-07-03 03:30:00";"121";"0";"4"
5703;"2019-07-03 03:45:00";"61";"0";"3"
5703;"2019-07-03 04:00:00";"80";"0";"2"
5703;"2019-07-03 04:15:00";"58";"0";"2"
5703;"2019-07-03 04:30:00";"77";"0";"1"
5703;"2019-07-03 04:45:00";"72";"0";"2"
5703;"2019-07-03 05:00:00";"95";"0";"3"
5703;"2019-07-03 05:15:00";"67";"0";"4"
5703;"2019-07-03 05:30:00";"106";"0";"1"
5703;"2019-07-03 05:45:00";"67";"1";"5"
5703;"2019-07-03 06:00:00";"105";"0";"1"
5703;"2019-07-03 06:15:00";"120";"0";"3"
5703;"2019-07-03 06:30:00";"186";"1";"5"
5703;"2019-07-03 06:45:00";"252";"0";"6"
5703;"2019-07-03 07:00:00";"326";"2";"12"
5703;"2019-07-03 07:15:00";"465";"3";"15"
5703;"2019-07-03 07:30:00";"687";"4";"22"
5703;"2019-07-03 07:45:00";"841";"6";"31"
5703;"2019-07-03 08:00:00";"1090";"8";"42"
5703;"2019-07-03 08:15:00";"1113";"8";"42"
5703;"2019-07-03 08:30:00";"955";"9";"41"
5703;"2019-07-03 08:45:00";"1059";"7";"39"
5703;"2019-07-03 09:00:00";"1074";"6";"42"
5703;"2019-07-03 09:15:00";"1070";"10";"43"
5703;"2019-07-03 09:30:00";"1063";"9";"43"
5703;"2019-07-03 09:45:00";"861";"5";"35"
5703;"2019-07-03 10:00:00";"776";"6";"33"
5703;"2019-07-03 10:15:00";"834";"7";"30"
5703;"2019-07-03 10:30:00";"805";"15";"32"
5703;"2019-07-03 10:45:00";"844";"7";"34"
5703;"2019-07-03 11:00:00";"869";"7";"33"
5703;"2019-07-03 11:15:00";"865";"7";"37"
5703;"2019-07-03 11:30:00";"882";"6";"32"
5703;"2019-07-03 11:45:00";"806";"5";"33"
5703;"2019-07-03 12:00:00";"918";"7";"35"
5703;"2019-07-03 12:15:00";"852";"6";"34"
5703;"2019-07-03 12:30:00";"906";"9";"37"
5703;"2019-07-03 12:45:00";"984";"7";"35"
5703;"2019-07-03 13:00:00";"890";"7";"38"
5703;"2019-07-03 13:15:00";"928";"8";"33"
5703;"2019-07-03 13:30:00";"906";"8";"39"
5703;"2019-07-03 13:45:00";"884";"6";"32"
5703;"2019-07-03 14:00:00";"907";"6";"34"
5703;"2019-07-03 14:15:00";"935";"6";"35"
5703;"2019-07-03 14:30:00";"900";"6";"36"
5703;"2019-07-03 14:45:00";"924";"7";"35"
5703;"2019-07-03 15:00:00";"952";"9";"35"
5703;"2019-07-03 15:15:00";"861";"7";"34"
5703;"2019-07-03 15:30:00";"921";"8";"40"
5703;"2019-07-03 15:45:00";"712";"8";"32"
5703;"2019-07-03 16:00:00";"838";"9";"30"
5703;"2019-07-03 16:15:00";"700";"3";"27"
5703;"2019-07-03 16:30:00";"557";"21";"29"
5703;"2019-07-03 16:45:00";"723";"8";"26"
5703;"2019-07-03 17:00:00";"689";"18";"32"
5703;"2019-07-03 17:15:00";"667";"13";"29"
5703;"2019-07-03 17:30:00";"681";"17";"29"
5703;"2019-07-03 17:45:00";"722";"13";"33"
5703;"2019-07-03 18:00:00";"784";"17";"33"
5703;"2019-07-03 18:15:00";"637";"15";"29"
5703;"2019-07-03 18:30:00";"899";"9";"32"
5703;"2019-07-03 18:45:00";"869";"9";"36"
5703;"2019-07-03 19:00:00";"854";"6";"34"
5703;"2019-07-03 19:15:00";"740";"11";"31"
5703;"2019-07-03 19:30:00";"854";"6";"31"
5703;"2019-07-03 19:45:00";"745";"13";"33"
5703;"2019-07-03 20:00:00";"785";"14";"32"
5703;"2019-07-03 20:15:00";"793";"16";"35"
5703;"2019-07-03 20:30:00";"768";"18";"34"
5703;"2019-07-03 20:45:00";"825";"14";"33"
5703;"2019-07-03 21:00:00";"613";"11";"27"
5703;"2019-07-03 21:15:00";"756";"11";"28"
5703;"2019-07-03 21:30:00";"742";"8";"31"
5703;"2019-07-03 21:45:00";"650";"10";"28"
5703;"2019-07-03 22:00:00";"586";"5";"25"
5703;"2019-07-03 22:15:00";"550";"6";"22"
5703;"2019-07-03 22:30:00";"424";"5";"20"
5703;"2019-07-03 22:45:00";"462";"12";"18"
5703;"2019-07-03 23:00:00";"456";"2";"18"
5703;"2019-07-03 23:15:00";"475";"6";"17"
5703;"2019-07-03 23:30:00";"434";"2";"17"
5703;"2019-07-03 23:45:00";"416";"3";"16"
5703;"2019-07-04 00:00:00";"387";"7";"15"
5703;"2019-07-04 00:15:00";"355";"1";"14"
5703;"2019-07-04 00:30:00";"377";"2";"14"
5703;"2019-07-04 00:45:00";"330";"7";"14"
5703;"2019-07-04 01:00:00";"277";"3";"12"
5703;"2019-07-04 01:15:00";"263";"1";"8"
5703;"2019-07-04 01:30:00";"223";"2";"9"
5703;"2019-07-04 01:45:00";"137";"1";"8"
5703;"2019-07-04 02:00:00";"188";"1";"4"
5703;"2019-07-04 02:15:00";"165";"0";"7"
5703;"2019-07-04 02:30:00";"156";"3";"6"
5703;"2019-07-04 02:45:00";"204";"0";"6"
5703;"2019-07-04 03:00:00";"119";"3";"7"
5703;"2019-07-04 03:15:00";"119";"0";"4"
5703;"2019-07-04 03:30:00";"139";"5";"7"
5703;"2019-07-04 03:45:00";"134";"1";"5"
5703;"2019-07-04 04:00:00";"98";"0";"3"
5703;"2019-07-04 04:15:00";"82";"0";"3"
5703;"2019-07-04 04:30:00";"90";"0";"2"
5703;"2019-07-04 04:45:00";"497";"12";"18"
5703;"2019-07-04 05:00:00";"527";"12";"21"
5703;"2019-07-04 05:15:00";"338";"11";"22"
5703;"2019-07-04 05:30:00";"207";"6";"8"
5703;"2019-07-04 05:45:00";"167";"1";"7"
5703;"2019-07-04 06:00:00";"122";"1";"7"
5703;"2019-07-04 06:15:00";"172";"5";"6"
5703;"2019-07-04 06:30:00";"187";"6";"9"
5703;"2019-07-04 06:45:00";"211";"15";"10"
5703;"2019-07-04 07:00:00";"389";"4";"11"
5703;"2019-07-04 07:15:00";"475";"2";"16"
5703;"2019-07-04 07:30:00";"612";"11";"22"
5703;"2019-07-04 07:45:00";"929";"11";"34"
5703;"2019-07-04 08:00:00";"1193";"9";"43"
5703;"2019-07-04 08:15:00";"1132";"10";"44"
5703;"2019-07-04 08:30:00";"1105";"20";"48"
5703;"2019-07-04 08:45:00";"1080";"8";"42"
5703;"2019-07-04 09:00:00";"1099";"9";"45"
5703;"2019-07-04 09:15:00";"1067";"11";"42"
5703;"2019-07-04 09:30:00";"972";"8";"40"
5703;"2019-07-04 09:45:00";"886";"8";"38"
5703;"2019-07-04 10:00:00";"805";"6";"32"
5703;"2019-07-04 10:15:00";"711";"4";"30"
5703;"2019-07-04 10:30:00";"771";"5";"28"
5703;"2019-07-04 10:45:00";"766";"6";"29"
5703;"2019-07-04 11:00:00";"769";"5";"30"
5703;"2019-07-04 11:15:00";"888";"7";"31"
5703;"2019-07-04 11:30:00";"851";"6";"35"
5703;"2019-07-04 11:45:00";"840";"6";"32"
5703;"2019-07-04 12:00:00";"854";"8";"34"
5703;"2019-07-04 12:15:00";"970";"8";"35"
5703;"2019-07-04 12:30:00";"873";"6";"34"
5703;"2019-07-04 12:45:00";"908";"8";"36"
5703;"2019-07-04 13:00:00";"832";"6";"32"
5703;"2019-07-04 13:15:00";"854";"5";"31"
5703;"2019-07-04 13:30:00";"927";"8";"36"
5703;"2019-07-04 13:45:00";"997";"8";"39"
5703;"2019-07-04 14:00:00";"873";"5";"36"
5703;"2019-07-04 14:15:00";"882";"5";"33"
5703;"2019-07-04 14:30:00";"965";"9";"37"
5703;"2019-07-04 14:45:00";"768";"27";"38"
5703;"2019-07-04 15:00:00";"707";"22";"38"
5703;"2019-07-04 15:15:00";"843";"11";"33"
5703;"2019-07-04 15:30:00";"830";"15";"35"
5703;"2019-07-04 15:45:00";"577";"20";"31"
5703;"2019-07-04 16:00:00";"694";"17";"31"
5703;"2019-07-04 16:15:00";"772";"4";"29"
5703;"2019-07-04 16:30:00";"650";"7";"29"
5703;"2019-07-04 16:45:00";"683";"17";"27"
5703;"2019-07-04 17:00:00";"766";"8";"29"
5703;"2019-07-04 17:15:00";"745";"5";"29"
5703;"2019-07-04 17:30:00";"666";"10";"30"
5703;"2019-07-04 17:45:00";"779";"6";"29"
5703;"2019-07-04 18:00:00";"769";"7";"31"
5703;"2019-07-04 18:15:00";"821";"8";"29"
5703;"2019-07-04 18:30:00";"873";"5";"32"
5703;"2019-07-04 18:45:00";"977";"12";"39"
5703;"2019-07-04 19:00:00";"742";"4";"33"
5703;"2019-07-04 19:15:00";"820";"5";"29"
5703;"2019-07-04 19:30:00";"886";"6";"35"
5703;"2019-07-04 19:45:00";"818";"6";"32"
5703;"2019-07-04 20:00:00";"828";"7";"32"
5703;"2019-07-04 20:15:00";"807";"5";"31"
5703;"2019-07-04 20:30:00";"896";"7";"33"
5703;"2019-07-04 20:45:00";"896";"6";"36"
5703;"2019-07-04 21:00:00";"795";"7";"32"
5703;"2019-07-04 21:15:00";"696";"6";"25"
5703;"2019-07-04 21:30:00";"747";"5";"30"
5703;"2019-07-04 21:45:00";"701";"4";"27"
5703;"2019-07-04 22:00:00";"743";"5";"26"
5703;"2019-07-04 22:15:00";"556";"3";"24"
5703;"2019-07-04 22:30:00";"502";"4";"22"
5703;"2019-07-04 22:45:00";"526";"3";"18"
5703;"2019-07-04 23:00:00";"421";"4";"17"
5703;"2019-07-04 23:15:00";"379";"2";"15"
5703;"2019-07-04 23:30:00";"451";"2";"15"
5703;"2019-07-04 23:45:00";"402";"3";"17"
5703;"2019-07-05 00:00:00";"467";"2";"15"
5703;"2019-07-05 00:15:00";"440";"3";"17"
5703;"2019-07-05 00:30:00";"464";"3";"16"
5703;"2019-07-05 00:45:00";"363";"2";"16"
5703;"2019-07-05 01:00:00";"333";"1";"13"
5703;"2019-07-05 01:15:00";"548";"6";"23"
5703;"2019-07-05 01:30:00";"303";"1";"14"
5703;"2019-07-05 01:45:00";"221";"6";"9"
5703;"2019-07-05 02:00:00";"235";"1";"11"
5703;"2019-07-05 02:15:00";"230";"1";"9"
5703;"2019-07-05 02:30:00";"190";"0";"7"
5703;"2019-07-05 02:45:00";"208";"1";"9"
5703;"2019-07-05 03:00:00";"190";"1";"7"
5703;"2019-07-05 03:15:00";"205";"0";"7"
5703;"2019-07-05 03:30:00";"150";"1";"8"
5703;"2019-07-05 03:45:00";"162";"0";"5"
5703;"2019-07-05 04:00:00";"173";"0";"5"
5703;"2019-07-05 04:15:00";"119";"1";"6"
5703;"2019-07-05 04:30:00";"134";"7";"5"
5703;"2019-07-05 04:45:00";"116";"10";"11"
5703;"2019-07-05 05:00:00";"100";"6";"7"
5703;"2019-07-05 05:15:00";"92";"0";"3"
5703;"2019-07-05 05:30:00";"136";"0";"4"
5703;"2019-07-05 05:45:00";"170";"1";"5"
5703;"2019-07-05 06:00:00";"142";"0";"5"
5703;"2019-07-05 06:15:00";"141";"1";"6"
5703;"2019-07-05 06:30:00";"199";"0";"7"
5703;"2019-07-05 06:45:00";"254";"1";"6"
5703;"2019-07-05 07:00:00";"370";"2";"12"
5703;"2019-07-05 07:15:00";"556";"1";"17"
5703;"2019-07-05 07:30:00";"642";"4";"23"
5703;"2019-07-05 07:45:00";"697";"4";"25"
5703;"2019-07-05 08:00:00";"1208";"10";"41"
5703;"2019-07-05 08:15:00";"1105";"7";"45"
5703;"2019-07-05 08:30:00";"1062";"9";"43"
5703;"2019-07-05 08:45:00";"948";"6";"38"
5703;"2019-07-05 09:00:00";"1041";"15";"42"
5703;"2019-07-05 09:15:00";"968";"11";"41"
5703;"2019-07-05 09:30:00";"958";"6";"35"
5703;"2019-07-05 09:45:00";"889";"7";"37"
5703;"2019-07-05 10:00:00";"718";"5";"30"
5703;"2019-07-05 10:15:00";"813";"7";"32"
5703;"2019-07-05 10:30:00";"775";"6";"30"
5703;"2019-07-05 10:45:00";"789";"6";"31"
5703;"2019-07-05 11:00:00";"776";"5";"27"
5703;"2019-07-05 11:15:00";"832";"6";"32"
5703;"2019-07-05 11:30:00";"714";"6";"30"
5703;"2019-07-05 11:45:00";"811";"8";"30"
5703;"2019-07-05 12:00:00";"807";"7";"32"
5703;"2019-07-05 12:15:00";"793";"6";"31"
5703;"2019-07-05 12:30:00";"910";"8";"33"
5703;"2019-07-05 12:45:00";"783";"6";"31"
5703;"2019-07-05 13:00:00";"1059";"10";"40"
5703;"2019-07-05 13:15:00";"895";"7";"37"
5703;"2019-07-05 13:30:00";"916";"6";"34"
5703;"2019-07-05 13:45:00";"943";"8";"39"
5703;"2019-07-05 14:00:00";"897";"5";"33"
5703;"2019-07-05 14:15:00";"978";"6";"35"
5703;"2019-07-05 14:30:00";"1146";"9";"43"
5703;"2019-07-05 14:45:00";"1038";"7";"45"
5703;"2019-07-05 15:00:00";"992";"8";"39"
5703;"2019-07-05 15:15:00";"890";"14";"38"
5703;"2019-07-05 15:30:00";"999";"13";"41"
5703;"2019-07-05 15:45:00";"1044";"7";"40"
5703;"2019-07-05 16:00:00";"913";"7";"39"
5703;"2019-07-05 16:15:00";"839";"7";"33"
5703;"2019-07-05 16:30:00";"732";"6";"31"
5703;"2019-07-05 16:45:00";"734";"5";"26"
5703;"2019-07-05 17:00:00";"778";"5";"30"
5703;"2019-07-05 17:15:00";"719";"4";"28"
5703;"2019-07-05 17:30:00";"784";"18";"34"
5703;"2019-07-05 17:45:00";"888";"19";"37"
5703;"2019-07-05 18:00:00";"678";"16";"36"
5703;"2019-07-05 18:15:00";"1094";"16";"40"
5703;"2019-07-05 18:30:00";"942";"18";"44"
5703;"2019-07-05 18:45:00";"842";"10";"35"
5703;"2019-07-05 19:00:00";"708";"9";"30"
5703;"2019-07-05 19:15:00";"789";"8";"30"
5703;"2019-07-05 19:30:00";"748";"6";"32"
5703;"2019-07-05 19:45:00";"794";"6";"31"
5703;"2019-07-05 20:00:00";"683";"5";"30"
5703;"2019-07-05 20:15:00";"733";"5";"27"
5703;"2019-07-05 20:30:00";"853";"8";"33"
5703;"2019-07-05 20:45:00";"793";"6";"32"
5703;"2019-07-05 21:00:00";"771";"13";"29"
5703;"2019-07-05 21:15:00";"829";"9";"40"
5703;"2019-07-05 21:30:00";"710";"8";"28"
5703;"2019-07-05 21:45:00";"633";"9";"28"
5703;"2019-07-05 22:00:00";"650";"4";"25"
5703;"2019-07-05 22:15:00";"659";"5";"25"
5703;"2019-07-05 22:30:00";"575";"8";"25"
5703;"2019-07-05 22:45:00";"513";"6";"21"
5703;"2019-07-05 23:00:00";"510";"6";"23"
5703;"2019-07-05 23:15:00";"424";"3";"16"
5703;"2019-07-05 23:30:00";"434";"5";"17"
5703;"2019-07-05 23:45:00";"417";"3";"17"
5703;"2019-07-06 00:00:00";"408";"4";"14"
5703;"2019-07-06 00:15:00";"354";"4";"15"
5703;"2019-07-06 00:30:00";"374";"2";"15"
5703;"2019-07-06 00:45:00";"436";"2";"15"
5703;"2019-07-06 01:00:00";"427";"9";"19"
5703;"2019-07-06 01:15:00";"405";"3";"18"
5703;"2019-07-06 01:30:00";"319";"2";"13"
5703;"2019-07-06 01:45:00";"350";"4";"13"
5703;"2019-07-06 02:00:00";"422";"3";"15"
5703;"2019-07-06 02:15:00";"286";"1";"12"
5703;"2019-07-06 02:30:00";"345";"25";"20"
5703;"2019-07-06 02:45:00";"334";"2";"16"
5703;"2019-07-06 03:00:00";"257";"4";"12"
5703;"2019-07-06 03:15:00";"298";"3";"12"
5703;"2019-07-06 03:30:00";"269";"1";"9"
5703;"2019-07-06 03:45:00";"293";"6";"13"
5703;"2019-07-06 04:00:00";"297";"1";"11"
5703;"2019-07-06 04:15:00";"315";"2";"11"
5703;"2019-07-06 04:30:00";"238";"1";"9"
5703;"2019-07-06 04:45:00";"258";"2";"10"
5703;"2019-07-06 05:00:00";"200";"1";"9"
5703;"2019-07-06 05:15:00";"168";"1";"6"
5703;"2019-07-06 05:30:00";"245";"1";"6"
5703;"2019-07-06 05:45:00";"213";"1";"10"
5703;"2019-07-06 06:00:00";"210";"1";"9"
5703;"2019-07-06 06:15:00";"245";"1";"9"
5703;"2019-07-06 06:30:00";"202";"0";"8"
5703;"2019-07-06 06:45:00";"301";"6";"13"
5703;"2019-07-06 07:00:00";"221";"5";"9"
5703;"2019-07-06 07:15:00";"221";"1";"7"
5703;"2019-07-06 07:30:00";"179";"4";"7"
5703;"2019-07-06 07:45:00";"215";"0";"6"
5703;"2019-07-06 08:00:00";"235";"3";"8"
5703;"2019-07-06 08:15:00";"226";"1";"10"
5703;"2019-07-06 08:30:00";"206";"1";"8"
5703;"2019-07-06 08:45:00";"311";"1";"8"
5703;"2019-07-06 09:00:00";"319";"2";"13"
5703;"2019-07-06 09:15:00";"288";"2";"12"
5703;"2019-07-06 09:30:00";"568";"8";"17"
5703;"2019-07-06 09:45:00";"452";"6";"20"
5703;"2019-07-06 10:00:00";"432";"11";"17"
5703;"2019-07-06 10:15:00";"492";"3";"20"
5703;"2019-07-06 10:30:00";"436";"5";"17"
5703;"2019-07-06 10:45:00";"579";"4";"19"
5703;"2019-07-06 11:00:00";"419";"28";"23"
5703;"2019-07-06 11:15:00";"571";"5";"25"
5703;"2019-07-06 11:30:00";"684";"4";"23"
5703;"2019-07-06 11:45:00";"543";"11";"24"
5703;"2019-07-06 12:00:00";"779";"14";"30"
5703;"2019-07-06 12:15:00";"695";"11";"30"
5703;"2019-07-06 12:30:00";"673";"4";"29"
5703;"2019-07-06 12:45:00";"523";"26";"30"
5703;"2019-07-06 13:00:00";"675";"11";"33"
5703;"2019-07-06 13:15:00";"695";"6";"27"
5703;"2019-07-06 13:30:00";"623";"10";"26"
5703;"2019-07-06 13:45:00";"600";"8";"26"
5703;"2019-07-06 14:00:00";"594";"13";"24"
5703;"2019-07-06 14:15:00";"740";"10";"31"
5703;"2019-07-06 14:30:00";"630";"9";"25"
5703;"2019-07-06 14:45:00";"606";"3";"23"
5703;"2019-07-06 15:00:00";"501";"9";"22"
5703;"2019-07-06 15:15:00";"400";"10";"16"
5703;"2019-07-06 15:30:00";"484";"13";"23"
5703;"2019-07-06 15:45:00";"426";"5";"17"
5703;"2019-07-06 16:00:00";"445";"6";"17"
5703;"2019-07-06 16:15:00";"437";"3";"19"
5703;"2019-07-06 16:30:00";"485";"10";"19"
5703;"2019-07-06 16:45:00";"456";"3";"19"
5703;"2019-07-06 17:00:00";"397";"9";"16"
5703;"2019-07-06 17:15:00";"401";"9";"17"
5703;"2019-07-06 17:30:00";"462";"7";"21"
5703;"2019-07-06 17:45:00";"412";"8";"18"
5703;"2019-07-06 18:00:00";"495";"2";"16"
5703;"2019-07-06 18:15:00";"518";"3";"19"
5703;"2019-07-06 18:30:00";"502";"8";"19"
5703;"2019-07-06 18:45:00";"539";"8";"21"
5703;"2019-07-06 19:00:00";"490";"12";"24"
5703;"2019-07-06 19:15:00";"457";"1";"17"
5703;"2019-07-06 19:30:00";"527";"3";"21"
5703;"2019-07-06 19:45:00";"557";"4";"20"
5703;"2019-07-06 20:00:00";"511";"3";"20"
5703;"2019-07-06 20:15:00";"548";"8";"20"
5703;"2019-07-06 20:30:00";"516";"15";"25"
5703;"2019-07-06 20:45:00";"475";"13";"21"
5703;"2019-07-06 21:00:00";"568";"21";"26"
5703;"2019-07-06 21:15:00";"581";"10";"28"
5703;"2019-07-06 21:30:00";"623";"9";"25"
5703;"2019-07-06 21:45:00";"551";"11";"23"
5703;"2019-07-06 22:00:00";"522";"16";"23"
5703;"2019-07-06 22:15:00";"533";"24";"26"
5703;"2019-07-06 22:30:00";"519";"9";"25"
5703;"2019-07-06 22:45:00";"516";"4";"19"
5703;"2019-07-06 23:00:00";"429";"15";"19"
5703;"2019-07-06 23:15:00";"480";"5";"17"
5703;"2019-07-06 23:30:00";"443";"15";"21"
5703;"2019-07-06 23:45:00";"478";"2";"16"
5703;"2019-07-07 00:00:00";"432";"3";"18"
5703;"2019-07-07 00:15:00";"448";"2";"16"
5703;"2019-07-07 00:30:00";"422";"2";"17"
5703;"2019-07-07 00:45:00";"482";"7";"20"
5703;"2019-07-07 01:00:00";"475";"2";"16"
5703;"2019-07-07 01:15:00";"515";"3";"17"
5703;"2019-07-07 01:30:00";"501";"5";"19"
5703;"2019-07-07 01:45:00";"382";"3";"17"
5703;"2019-07-07 02:00:00";"365";"11";"14"
5703;"2019-07-07 02:15:00";"457";"11";"20"
5703;"2019-07-07 02:30:00";"404";"1";"17"
5703;"2019-07-07 02:45:00";"422";"4";"13"
5703;"2019-07-07 03:00:00";"460";"2";"16"
5703;"2019-07-07 03:15:00";"388";"7";"16"
5703;"2019-07-09 05:30:00";"47";"48";"24"
5703;"2019-07-09 09:15:00";"500";"52";"38"
5703;"2019-07-10 04:30:00";"227";"48";"26"
5703;"2019-07-10 12:00:00";"820";"64";"39"
5703;"2019-07-14 03:45:00";"247";"42";"27"
5703;"2019-07-14 11:00:00";"375";"32";"32"
5703;"2019-07-14 11:15:00";"652";"16";"48"
5703;"2019-07-14 11:30:00";"391";"5";"19"
5703;"2019-07-14 11:45:00";"468";"5";"15"
5703;"2019-07-14 12:00:00";"447";"3";"19"
5703;"2019-07-14 12:15:00";"398";"3";"16"
5703;"2019-07-14 12:30:00";"576";"8";"23"
5703;"2019-07-14 12:45:00";"478";"4";"18"
5703;"2019-07-14 13:00:00";"504";"4";"19"
5703;"2019-07-14 13:15:00";"616";"4";"21"
5703;"2019-07-14 13:30:00";"512";"3";"21"
5703;"2019-07-14 13:45:00";"532";"3";"20"
5703;"2019-07-14 14:00:00";"613";"6";"21"
5703;"2019-07-14 14:15:00";"578";"6";"29"
5703;"2019-07-14 14:30:00";"414";"2";"18"
5703;"2019-07-14 14:45:00";"472";"1";"15"
5703;"2019-07-14 15:00:00";"439";"3";"18"
5703;"2019-07-14 15:15:00";"418";"2";"17"
5703;"2019-07-14 15:30:00";"380";"2";"14"
5703;"2019-07-14 15:45:00";"338";"2";"12"
5703;"2019-07-14 16:00:00";"285";"1";"11"
5703;"2019-07-14 16:15:00";"319";"0";"10"
5703;"2019-07-14 16:30:00";"309";"1";"13"
5703;"2019-07-14 16:45:00";"387";"2";"14"
5703;"2019-07-14 17:00:00";"421";"2";"14"
5703;"2019-07-14 17:15:00";"403";"3";"18"
5703;"2019-07-14 17:30:00";"441";"3";"16"
5703;"2019-07-14 17:45:00";"366";"2";"15"
5703;"2019-07-14 18:00:00";"439";"2";"15"
5703;"2019-07-14 18:15:00";"414";"2";"15"
5703;"2019-07-14 18:30:00";"331";"2";"14"
5703;"2019-07-14 18:45:00";"399";"2";"16"
5703;"2019-07-14 19:00:00";"443";"2";"15"
5703;"2019-07-14 19:15:00";"478";"2";"16"
5703;"2019-07-14 19:30:00";"396";"2";"15"
5703;"2019-07-14 19:45:00";"497";"3";"16"
5703;"2019-07-14 20:00:00";"582";"5";"21"
5703;"2019-07-14 20:15:00";"543";"4";"20"
5703;"2019-07-14 20:30:00";"540";"5";"22"
5703;"2019-07-14 20:45:00";"534";"3";"18"
5703;"2019-07-14 21:00:00";"532";"2";"21"
5703;"2019-07-14 21:15:00";"631";"6";"24"
5703;"2019-07-14 21:30:00";"586";"4";"21"
5703;"2019-07-14 21:45:00";"515";"4";"22"
5703;"2019-07-14 22:00:00";"519";"4";"19"
5703;"2019-07-14 22:15:00";"535";"2";"17"
5703;"2019-07-14 22:30:00";"570";"3";"22"
5703;"2019-07-14 22:45:00";"472";"2";"18"
5703;"2019-07-14 23:00:00";"465";"1";"17"
5703;"2019-07-14 23:15:00";"439";"3";"17"
5703;"2019-07-14 23:30:00";"474";"3";"17"
5703;"2019-07-14 23:45:00";"406";"2";"17"
5703;"2019-07-15 00:00:00";"418";"2";"15"
5703;"2019-07-15 00:15:00";"350";"2";"16"
5703;"2019-07-15 00:30:00";"297";"2";"12"
5703;"2019-07-15 00:45:00";"261";"2";"11"
5703;"2019-07-15 01:00:00";"233";"0";"8"
5703;"2019-07-15 01:15:00";"202";"1";"10"
5703;"2019-07-15 01:30:00";"144";"4";"7"
5703;"2019-07-15 01:45:00";"209";"2";"8"
5703;"2019-07-15 02:00:00";"151";"0";"5"
5703;"2019-07-15 02:15:00";"141";"0";"6"
5703;"2019-07-15 02:30:00";"127";"2";"5"
5703;"2019-07-15 02:45:00";"126";"1";"6"
5703;"2019-07-15 03:00:00";"93";"0";"4"
5703;"2019-07-15 03:15:00";"100";"0";"2"
5703;"2019-07-15 03:30:00";"81";"1";"5"
5703;"2019-07-15 03:45:00";"109";"0";"2"
5703;"2019-07-15 04:00:00";"43";"0";"4"
5703;"2019-07-15 04:15:00";"50";"0";"1"
5703;"2019-07-15 04:30:00";"94";"0";"2"
5703;"2019-07-15 04:45:00";"72";"11";"8"
5703;"2019-07-15 05:00:00";"75";"2";"2"
5703;"2019-07-15 05:15:00";"64";"11";"7"
5703;"2019-07-15 05:30:00";"120";"2";"5"
5703;"2019-07-15 05:45:00";"93";"0";"4"
5703;"2019-07-15 06:00:00";"114";"0";"3"
5703;"2019-07-15 06:15:00";"111";"1";"5"
5703;"2019-07-15 06:30:00";"204";"0";"6"
5703;"2019-07-15 06:45:00";"257";"0";"6"
5703;"2019-07-15 07:00:00";"308";"1";"10"
5703;"2019-07-15 07:15:00";"412";"2";"13"
5703;"2019-07-15 07:30:00";"565";"4";"19"
5703;"2019-07-15 07:45:00";"795";"7";"27"
5703;"2019-07-15 08:00:00";"927";"7";"36"
5703;"2019-07-15 08:15:00";"982";"7";"38"
5703;"2019-07-15 08:30:00";"1025";"8";"38"
5703;"2019-07-15 08:45:00";"1018";"7";"40"
5703;"2019-07-15 09:00:00";"964";"7";"40"
5703;"2019-07-15 09:15:00";"1025";"11";"42"
5703;"2019-07-15 09:30:00";"875";"7";"37"
5703;"2019-07-15 09:45:00";"831";"6";"34"
5703;"2019-07-15 10:00:00";"781";"5";"28"
5703;"2019-07-15 10:15:00";"757";"6";"32"
5703;"2019-07-15 10:30:00";"785";"6";"30"
5703;"2019-07-15 10:45:00";"852";"5";"30"
5703;"2019-07-15 11:00:00";"813";"6";"32"
5703;"2019-07-15 11:15:00";"844";"6";"34"
5703;"2019-07-15 11:30:00";"777";"6";"31"
5703;"2019-07-15 11:45:00";"769";"5";"28"
5703;"2019-07-15 12:00:00";"891";"12";"34"
5703;"2019-07-15 12:15:00";"1008";"10";"39"
5703;"2019-07-15 12:30:00";"953";"8";"37"
5703;"2019-07-15 12:45:00";"777";"6";"34"
5703;"2019-07-15 13:00:00";"757";"5";"30"
5703;"2019-07-15 13:15:00";"713";"4";"28"
5703;"2019-07-15 13:30:00";"794";"5";"29"
5703;"2019-07-15 13:45:00";"825";"6";"31"
5703;"2019-07-15 14:00:00";"751";"5";"30"
5703;"2019-07-15 14:15:00";"976";"9";"35"
5703;"2019-07-15 14:30:00";"802";"10";"36"
5703;"2019-07-15 14:45:00";"712";"6";"28"
5703;"2019-07-15 15:00:00";"684";"5";"26"
5703;"2019-07-15 15:15:00";"736";"4";"24"
5703;"2019-07-15 15:30:00";"769";"4";"29"
5703;"2019-07-15 15:45:00";"759";"7";"30"
5703;"2019-07-15 16:00:00";"680";"5";"28"
5703;"2019-07-15 16:15:00";"557";"4";"24"
5703;"2019-07-15 16:30:00";"658";"4";"21"
5703;"2019-07-15 16:45:00";"773";"6";"29"
5703;"2019-07-15 17:00:00";"677";"5";"28"
5703;"2019-07-15 17:15:00";"717";"10";"27"
5703;"2019-07-15 17:30:00";"898";"10";"34"
5703;"2019-07-15 17:45:00";"762";"6";"31"
5703;"2019-07-15 18:00:00";"819";"6";"30"
5703;"2019-07-15 18:15:00";"758";"5";"29"
5703;"2019-07-15 18:30:00";"885";"8";"35"
5703;"2019-07-15 18:45:00";"808";"6";"31"
5703;"2019-07-15 19:00:00";"831";"6";"33"
5703;"2019-07-15 19:15:00";"829";"6";"32"
5703;"2019-07-15 19:30:00";"918";"13";"37"
5703;"2019-07-15 19:45:00";"839";"9";"30"
5703;"2019-07-15 20:00:00";"791";"8";"33"
5703;"2019-07-15 20:15:00";"684";"6";"28"
5703;"2019-07-15 20:30:00";"811";"8";"30"
5703;"2019-07-15 20:45:00";"683";"5";"27"
5703;"2019-07-15 21:00:00";"727";"5";"29"
5703;"2019-07-15 21:15:00";"708";"5";"26"
5703;"2019-07-15 21:30:00";"697";"6";"28"
5703;"2019-07-15 21:45:00";"508";"4";"22"
5703;"2019-07-15 22:00:00";"459";"4";"18"
5703;"2019-07-15 22:15:00";"539";"4";"19"
5703;"2019-07-15 22:30:00";"366";"8";"16"
5703;"2019-07-15 22:45:00";"389";"11";"19"
5703;"2019-07-15 23:00:00";"424";"2";"18"
5703;"2019-07-15 23:15:00";"260";"13";"16"
5703;"2019-07-15 23:30:00";"311";"2";"11"
5703;"2019-07-15 23:45:00";"274";"17";"17"
5703;"2019-07-16 00:00:00";"334";"4";"13"
5703;"2019-07-16 00:15:00";"312";"3";"14"
5703;"2019-07-16 00:30:00";"298";"1";"12"
5703;"2019-07-16 00:45:00";"217";"1";"10"
5703;"2019-07-16 01:00:00";"229";"6";"9"
5703;"2019-07-16 01:15:00";"123";"12";"10"
5703;"2019-07-16 01:30:00";"471";"15";"27"
5703;"2019-07-16 01:45:00";"164";"0";"13"
5703;"2019-07-16 02:00:00";"127";"0";"5"
5703;"2019-07-16 02:15:00";"185";"30";"54"
5703;"2019-07-16 02:30:00";"365";"28";"35"
5703;"2019-07-16 02:45:00";"887";"40";"39"
5703;"2019-07-16 03:00:00";"397";"4";"53"
5703;"2019-07-16 03:15:00";"297";"3";"18"
5703;"2019-07-16 03:30:00";"249";"5";"13"
5703;"2019-07-16 03:45:00";"233";"8";"8"
5703;"2019-07-16 04:00:00";"99";"5";"7"
5703;"2019-07-16 04:15:00";"558";"10";"16"
5703;"2019-07-16 04:30:00";"232";"7";"51"
5703;"2019-07-16 04:45:00";"198";"14";"14"
5703;"2019-07-16 05:00:00";"166";"7";"19"
5703;"2019-07-16 05:15:00";"56";"4";"5"
5703;"2019-07-16 05:30:00";"74";"14";"8"
5703;"2019-07-16 05:45:00";"196";"22";"16"
5703;"2019-07-16 06:00:00";"109";"3";"6"
5703;"2019-07-16 06:15:00";"654";"43";"42"
5703;"2019-07-16 06:30:00";"356";"36";"33"
5703;"2019-07-16 06:45:00";"339";"6";"18"
5703;"2019-07-16 07:00:00";"407";"7";"13"
5703;"2019-07-16 07:15:00";"457";"7";"17"
5703;"2019-07-16 07:30:00";"620";"6";"22"
5703;"2019-07-16 07:45:00";"797";"5";"28"
5703;"2019-07-16 08:00:00";"828";"28";"37"
5703;"2019-07-16 08:15:00";"887";"24";"39"
5703;"2019-07-16 08:30:00";"901";"8";"36"
5703;"2019-07-16 08:45:00";"1027";"12";"39"
5703;"2019-07-16 09:00:00";"1001";"13";"42"
5703;"2019-07-16 09:15:00";"849";"16";"38"
5703;"2019-07-16 09:30:00";"851";"16";"39"
5703;"2019-07-16 09:45:00";"805";"11";"32"
5703;"2019-07-16 10:00:00";"716";"5";"29"
5703;"2019-07-16 10:15:00";"819";"8";"30"
5703;"2019-07-16 10:30:00";"796";"19";"35"
5703;"2019-07-16 10:45:00";"775";"6";"32"
5703;"2019-07-16 11:00:00";"680";"30";"33"
5703;"2019-07-16 11:15:00";"681";"15";"35"
5703;"2019-07-16 11:30:00";"874";"7";"31"
5703;"2019-07-16 11:45:00";"852";"6";"37"
5703;"2019-07-16 12:00:00";"766";"9";"33"
5703;"2019-07-16 12:15:00";"973";"10";"35"
5703;"2019-07-16 12:30:00";"780";"11";"25"
5703;"2019-07-16 12:45:00";"791";"8";"32"
5703;"2019-07-16 13:00:00";"835";"15";"37"
5703;"2019-07-16 13:15:00";"794";"10";"31"
5703;"2019-07-16 13:30:00";"931";"8";"35"
5703;"2019-07-16 13:45:00";"907";"16";"39"
5703;"2019-07-16 14:00:00";"861";"16";"34"
5703;"2019-07-16 14:15:00";"833";"20";"36"
5703;"2019-07-16 14:30:00";"908";"12";"39"
5703;"2019-07-16 14:45:00";"934";"16";"36"
5703;"2019-07-16 15:00:00";"737";"21";"38"
5703;"2019-07-16 15:15:00";"649";"35";"34"
5703;"2019-07-16 15:30:00";"859";"26";"40"
5703;"2019-07-16 15:45:00";"500";"35";"33"
5703;"2019-07-16 16:00:00";"815";"43";"40"
5703;"2019-07-16 16:15:00";"390";"39";"32"
5703;"2019-07-16 16:30:00";"586";"42";"34"
5703;"2019-07-16 16:45:00";"567";"26";"32"
5703;"2019-07-16 17:00:00";"804";"28";"37"
5703;"2019-07-16 17:15:00";"639";"26";"34"
5703;"2019-07-16 17:30:00";"659";"39";"47"
5703;"2019-07-16 17:45:00";"745";"35";"43"
5703;"2019-07-16 18:00:00";"802";"41";"44"
5703;"2019-07-16 18:15:00";"752";"43";"46"
5703;"2019-07-16 18:30:00";"766";"36";"48"
5703;"2019-07-16 18:45:00";"695";"32";"38"
5703;"2019-07-16 19:00:00";"883";"38";"44"
5703;"2019-07-16 19:15:00";"889";"31";"41"
5703;"2019-07-16 19:30:00";"662";"42";"43"
5703;"2019-07-16 19:45:00";"868";"24";"41"
5703;"2019-07-16 20:00:00";"754";"22";"37"
5703;"2019-07-16 20:15:00";"837";"18";"34"
5703;"2019-07-16 20:30:00";"659";"22";"35"
5703;"2019-07-16 20:45:00";"669";"20";"28"
5703;"2019-07-16 21:00:00";"760";"13";"31"
5703;"2019-07-16 21:15:00";"590";"18";"29"
5703;"2019-07-16 21:30:00";"554";"19";"29"
5703;"2019-07-16 21:45:00";"474";"21";"25"
5703;"2019-07-16 22:00:00";"471";"28";"28"
5703;"2019-07-16 22:15:00";"702";"22";"35"
5703;"2019-07-16 22:30:00";"443";"21";"29"
5703;"2019-07-16 22:45:00";"354";"18";"18"
5703;"2019-07-16 23:00:00";"521";"20";"25"
5703;"2019-07-16 23:15:00";"653";"27";"33"
5703;"2019-07-16 23:30:00";"320";"48";"30"
5703;"2019-07-16 23:45:00";"542";"20";"41"
5703;"2019-07-17 00:00:00";"252";"9";"15"
5703;"2019-07-17 00:15:00";"554";"6";"22"
5703;"2019-07-17 00:30:00";"670";"14";"26"
5703;"2019-07-17 00:45:00";"622";"45";"61"
5703;"2019-07-17 01:00:00";"751";"9";"37"
5703;"2019-07-17 01:15:00";"484";"8";"38"
5703;"2019-07-17 01:30:00";"778";"22";"31"
5703;"2019-07-17 01:45:00";"756";"25";"41"
5703;"2019-07-17 02:00:00";"462";"42";"38"
5703;"2019-07-17 02:15:00";"47";"49";"26"
5703;"2019-07-17 02:30:00";"606";"41";"31"
5703;"2019-07-17 02:45:00";"583";"15";"30"
5703;"2019-07-17 03:00:00";"325";"30";"27"
5703;"2019-07-17 03:15:00";"130";"18";"44"
5703;"2019-07-17 03:30:00";"336";"35";"39"
5703;"2019-07-17 03:45:00";"112";"32";"26"
5703;"2019-07-17 04:00:00";"69";"0";"7"
5703;"2019-07-17 04:15:00";"64";"10";"9"
5703;"2019-07-17 04:30:00";"73";"0";"2"
5703;"2019-07-17 04:45:00";"337";"23";"33"
5703;"2019-07-17 05:00:00";"287";"13";"24"
5703;"2019-07-17 05:15:00";"81";"26";"13"
5703;"2019-07-17 05:30:00";"852";"35";"44"
5703;"2019-07-17 05:45:00";"483";"30";"57"
5703;"2019-07-17 06:00:00";"220";"46";"39"
5703;"2019-07-17 06:15:00";"486";"49";"35"
5703;"2019-07-17 06:30:00";"400";"46";"29"
5703;"2019-07-17 06:45:00";"584";"42";"32"
5703;"2019-07-17 07:00:00";"453";"36";"32"
5703;"2019-07-17 07:15:00";"557";"37";"34"
5703;"2019-07-17 07:30:00";"516";"35";"30"
5703;"2019-07-17 07:45:00";"752";"40";"37"
5703;"2019-07-17 08:00:00";"729";"35";"40"
5703;"2019-07-17 08:15:00";"843";"43";"43"
5703;"2019-07-17 08:30:00";"764";"38";"45"
5703;"2019-07-17 08:45:00";"846";"28";"43"
5703;"2019-07-17 09:00:00";"1025";"37";"44"
5703;"2019-07-17 09:15:00";"740";"39";"48"
5703;"2019-07-17 09:30:00";"780";"27";"57"
5703;"2019-07-17 09:45:00";"576";"42";"39"
5703;"2019-07-17 10:00:00";"657";"15";"46"
5703;"2019-07-17 10:15:00";"571";"29";"32"
5703;"2019-07-17 10:30:00";"587";"32";"36"
5703;"2019-07-17 10:45:00";"671";"27";"33"
5703;"2019-07-17 11:00:00";"447";"35";"31"
5703;"2019-07-17 11:15:00";"591";"46";"56"
5703;"2019-07-17 11:30:00";"902";"30";"49"
5703;"2019-07-17 11:45:00";"899";"40";"43"
5703;"2019-07-17 12:00:00";"820";"31";"43"
5703;"2019-07-17 12:15:00";"677";"26";"53"
5703;"2019-07-17 12:30:00";"756";"42";"38"
5703;"2019-07-17 12:45:00";"485";"41";"39"
5703;"2019-07-17 13:00:00";"610";"32";"35"
5703;"2019-07-17 13:15:00";"888";"41";"81"
5703;"2019-07-17 13:30:00";"625";"30";"40"
5703;"2019-07-17 13:45:00";"800";"37";"44"
5703;"2019-07-17 14:00:00";"683";"46";"61"
5703;"2019-07-17 14:15:00";"665";"38";"48"
5703;"2019-07-17 14:30:00";"851";"43";"48"
5703;"2019-07-17 14:45:00";"725";"47";"56"
5703;"2019-07-17 15:00:00";"605";"32";"37"
5703;"2019-07-17 15:15:00";"711";"25";"35"
5703;"2019-07-17 15:30:00";"785";"39";"43"
5703;"2019-07-17 15:45:00";"764";"45";"43"
5703;"2019-07-17 16:00:00";"476";"43";"39"
5703;"2019-07-17 16:15:00";"717";"41";"38"
5703;"2019-07-17 16:30:00";"519";"46";"39"
5703;"2019-07-17 16:45:00";"586";"22";"39"
5703;"2019-07-17 17:00:00";"690";"43";"39"
5703;"2019-07-17 17:15:00";"910";"45";"60"
5703;"2019-07-17 17:30:00";"700";"48";"61"
5703;"2019-07-17 17:45:00";"852";"50";"57"
5703;"2019-07-17 18:00:00";"1072";"43";"82"
5703;"2019-07-17 18:15:00";"818";"48";"57"
5703;"2019-07-17 18:30:00";"966";"44";"75"
5703;"2019-07-17 18:45:00";"588";"49";"79"
5703;"2019-07-17 19:00:00";"529";"46";"48"
5703;"2019-07-17 19:15:00";"740";"48";"52"
5703;"2019-07-17 19:30:00";"550";"49";"48"
5703;"2019-07-17 19:45:00";"817";"45";"71"
5703;"2019-07-17 20:00:00";"652";"48";"67"
5703;"2019-07-17 20:15:00";"587";"40";"61"
5703;"2019-07-17 20:30:00";"938";"35";"66"
5703;"2019-07-17 20:45:00";"502";"38";"40"
5703;"2019-07-17 21:00:00";"791";"43";"42"
5703;"2019-07-17 21:15:00";"582";"39";"37"
5703;"2019-07-17 21:30:00";"741";"41";"52"
5703;"2019-07-17 21:45:00";"622";"27";"38"
5703;"2019-07-17 22:00:00";"306";"48";"39"
5703;"2019-07-17 22:15:00";"705";"24";"75"
5703;"2019-07-17 22:30:00";"514";"46";"64"
5703;"2019-07-17 22:45:00";"570";"47";"36"
5703;"2019-07-17 23:00:00";"290";"50";"32"
5703;"2019-07-17 23:15:00";"515";"21";"71"
5703;"2019-07-17 23:30:00";"323";"19";"23"
5703;"2019-07-17 23:45:00";"340";"50";"29"
5703;"2019-07-18 00:00:00";"470";"25";"29"
5703;"2019-07-18 00:15:00";"570";"20";"22"
5703;"2019-07-18 00:30:00";"657";"11";"50"
5703;"2019-07-18 00:45:00";"213";"25";"29"
5703;"2019-07-18 01:30:00";"725";"47";"75"
5703;"2019-07-18 01:45:00";"938";"24";"75"
5703;"2019-07-18 02:00:00";"927";"26";"100"
5703;"2019-07-18 02:15:00";"794";"10";"58"
5703;"2019-07-18 02:30:00";"149";"33";"42"
5703;"2019-07-18 02:45:00";"202";"48";"28"
5703;"2019-07-18 03:00:00";"140";"25";"21"
5703;"2019-07-18 03:15:00";"53";"49";"23"
5703;"2019-07-18 03:45:00";"47";"50";"24"
5703;"2019-07-18 04:30:00";"80";"44";"23"
5703;"2019-07-18 04:45:00";"66";"16";"13"
5703;"2019-07-18 05:00:00";"498";"32";"26"
5703;"2019-07-18 05:30:00";"230";"39";"42"
5703;"2019-07-18 05:45:00";"347";"38";"36"
5703;"2019-07-18 06:00:00";"247";"49";"26"
5703;"2019-07-18 06:15:00";"565";"48";"30"
5703;"2019-07-18 06:30:00";"399";"40";"33"
5703;"2019-07-18 06:45:00";"253";"15";"17"
5703;"2019-07-18 07:00:00";"379";"34";"22"
5703;"2019-07-18 07:15:00";"413";"30";"25"
5703;"2019-07-18 07:30:00";"416";"17";"24"
5703;"2019-07-18 07:45:00";"715";"38";"43"
5703;"2019-07-18 08:00:00";"851";"39";"46"
5703;"2019-07-18 08:15:00";"710";"43";"40"
5703;"2019-07-18 08:30:00";"801";"41";"49"
5703;"2019-07-18 08:45:00";"1022";"42";"54"
5703;"2019-07-18 09:00:00";"908";"38";"51"
5703;"2019-07-18 09:15:00";"808";"34";"44"
5703;"2019-07-18 09:30:00";"725";"37";"42"
5703;"2019-07-18 09:45:00";"625";"24";"34"
5703;"2019-07-18 10:00:00";"824";"24";"43"
5703;"2019-07-18 10:15:00";"787";"32";"38"
5703;"2019-07-18 10:30:00";"602";"28";"48"
5703;"2019-07-18 10:45:00";"532";"32";"31"
5703;"2019-07-18 11:00:00";"655";"29";"34"
5703;"2019-07-18 11:15:00";"950";"32";"68"
5703;"2019-07-18 11:30:00";"847";"37";"60"
5703;"2019-07-18 11:45:00";"643";"29";"39"
5703;"2019-07-18 12:00:00";"702";"38";"37"
5703;"2019-07-18 12:15:00";"781";"25";"42"
5703;"2019-07-18 12:30:00";"750";"38";"38"
5703;"2019-07-18 12:45:00";"613";"46";"39"
5703;"2019-07-18 13:00:00";"758";"30";"49"
5703;"2019-07-18 13:15:00";"792";"36";"51"
5703;"2019-07-18 13:30:00";"634";"39";"42"
5703;"2019-07-18 13:45:00";"706";"39";"39"
5703;"2019-07-18 14:00:00";"974";"38";"68"
5703;"2019-07-18 14:15:00";"737";"46";"51"
5703;"2019-07-18 14:30:00";"700";"33";"37"
5703;"2019-07-18 14:45:00";"747";"43";"41"
5703;"2019-07-18 15:00:00";"715";"32";"38"
5703;"2019-07-18 15:15:00";"530";"37";"34"
5703;"2019-07-18 15:30:00";"1205";"44";"79"
5703;"2019-07-18 15:45:00";"544";"42";"45"
5703;"2019-07-18 16:00:00";"522";"30";"39"
5703;"2019-07-18 16:15:00";"1027";"37";"77"
5703;"2019-07-18 16:30:00";"684";"29";"53"
5703;"2019-07-18 16:45:00";"595";"35";"38"
5703;"2019-07-18 17:00:00";"444";"46";"38"
5703;"2019-07-18 17:15:00";"504";"44";"40"
5703;"2019-07-18 17:30:00";"533";"47";"41"
5703;"2019-07-18 17:45:00";"594";"38";"42"
5703;"2019-07-18 18:00:00";"720";"38";"54"
5703;"2019-07-18 18:15:00";"693";"45";"75"
5703;"2019-07-18 18:30:00";"964";"49";"55"
5703;"2019-07-18 18:45:00";"612";"44";"40"
5703;"2019-07-18 19:00:00";"856";"43";"44"
5703;"2019-07-18 19:15:00";"840";"49";"46"
5703;"2019-07-18 19:30:00";"473";"51";"43"
5703;"2019-07-18 19:45:00";"978";"43";"79"
5703;"2019-07-18 20:00:00";"524";"50";"54"
5703;"2019-07-18 20:15:00";"1167";"29";"89"
5703;"2019-07-18 20:30:00";"1104";"44";"69"
5703;"2019-07-18 20:45:00";"877";"46";"83"
5703;"2019-07-18 21:00:00";"720";"47";"51"
5703;"2019-07-18 21:15:00";"716";"49";"51"
5703;"2019-07-18 21:30:00";"1095";"44";"49"
5703;"2019-07-18 21:45:00";"444";"50";"38"
5703;"2019-07-18 22:00:00";"715";"46";"40"
5703;"2019-07-18 22:15:00";"410";"34";"31"
5703;"2019-07-18 22:30:00";"465";"16";"26"
5703;"2019-07-18 23:00:00";"430";"37";"42"
5703;"2019-07-18 23:15:00";"645";"25";"30"
5703;"2019-07-18 23:30:00";"637";"41";"70"
5703;"2019-07-18 23:45:00";"354";"49";"54"
5703;"2019-07-19 00:00:00";"525";"49";"32"
5703;"2019-07-19 00:30:00";"772";"40";"41"
5703;"2019-07-19 01:15:00";"520";"49";"28"
5703;"2019-07-19 01:30:00";"247";"2";"35"
5703;"2019-07-19 01:45:00";"613";"12";"48"
5703;"2019-07-19 02:00:00";"636";"11";"39"
5703;"2019-07-19 02:15:00";"244";"2";"15"
5703;"2019-07-19 02:30:00";"219";"1";"8"
5703;"2019-07-19 02:45:00";"180";"44";"22"
5703;"2019-07-19 03:00:00";"440";"33";"29"
5703;"2019-07-19 03:15:00";"482";"8";"71"
5703;"2019-07-19 03:30:00";"290";"40";"37"
5703;"2019-07-19 04:00:00";"420";"45";"80"
5703;"2019-07-19 04:15:00";"53";"49";"25"
5703;"2019-07-19 04:30:00";"133";"49";"23"
5703;"2019-07-19 04:45:00";"550";"46";"31"
5703;"2019-07-19 05:00:00";"420";"49";"26"
5703;"2019-07-19 05:15:00";"1180";"40";"100"
5703;"2019-07-19 05:30:00";"490";"10";"100"
5703;"2019-07-19 05:45:00";"77";"18";"41"
5703;"2019-07-19 06:00:00";"156";"0";"7"
5703;"2019-07-19 06:15:00";"125";"0";"5"
5703;"2019-07-19 06:30:00";"198";"18";"10"
5703;"2019-07-19 06:45:00";"346";"26";"23"
5703;"2019-07-19 07:00:00";"258";"26";"18"
5703;"2019-07-19 07:15:00";"349";"48";"28"
5703;"2019-07-19 07:30:00";"527";"28";"61"
5703;"2019-07-19 07:45:00";"842";"34";"52"
5703;"2019-07-19 08:00:00";"712";"46";"46"
5703;"2019-07-19 08:15:00";"769";"46";"40"
5703;"2019-07-19 08:30:00";"824";"32";"44"
5703;"2019-07-19 08:45:00";"648";"38";"39"
5703;"2019-07-19 09:00:00";"894";"43";"44"
5703;"2019-07-19 09:15:00";"858";"36";"48"
5703;"2019-07-19 09:30:00";"1455";"24";"74"
5703;"2019-07-19 09:45:00";"870";"37";"85"
5703;"2019-07-19 10:00:00";"668";"34";"40"
5703;"2019-07-19 10:15:00";"567";"37";"36"
5703;"2019-07-19 10:30:00";"761";"35";"38"
5703;"2019-07-19 10:45:00";"743";"39";"38"
5703;"2019-07-19 11:00:00";"700";"27";"39"
5703;"2019-07-19 11:15:00";"880";"35";"41"
5703;"2019-07-19 11:30:00";"542";"37";"40"
5703;"2019-07-19 11:45:00";"792";"42";"65"
5703;"2019-07-19 12:00:00";"782";"39";"49"
5703;"2019-07-19 12:15:00";"946";"39";"70"
5703;"2019-07-19 12:30:00";"667";"36";"42"
5703;"2019-07-19 12:45:00";"802";"24";"63"
5703;"2019-07-19 13:00:00";"684";"38";"42"
5703;"2019-07-19 13:15:00";"817";"28";"83"
5703;"2019-07-19 13:30:00";"640";"42";"51"
5703;"2019-07-19 13:45:00";"790";"47";"57"
5703;"2019-07-19 14:00:00";"584";"44";"42"
5703;"2019-07-19 14:15:00";"854";"47";"59"
5703;"2019-07-19 14:30:00";"1187";"43";"71"
5703;"2019-07-19 14:45:00";"783";"33";"44"
5703;"2019-07-19 15:00:00";"867";"52";"41"
5703;"2019-07-19 15:15:00";"496";"53";"39"
5703;"2019-07-19 15:30:00";"503";"52";"36"
5703;"2019-07-19 15:45:00";"698";"50";"41"
5703;"2019-07-19 16:00:00";"695";"50";"40"
5703;"2019-07-19 16:15:00";"907";"43";"48"
5703;"2019-07-19 16:30:00";"917";"48";"77"
5703;"2019-07-19 16:45:00";"635";"42";"85"
5703;"2019-07-19 17:00:00";"762";"36";"47"
5703;"2019-07-19 17:15:00";"957";"41";"55"
5703;"2019-07-19 17:30:00";"792";"37";"55"
5703;"2019-07-19 17:45:00";"821";"38";"46"
5703;"2019-07-19 18:00:00";"332";"49";"53"
5703;"2019-07-19 18:15:00";"944";"26";"51"
5703;"2019-07-19 18:30:00";"876";"43";"54"
5703;"2019-07-19 18:45:00";"824";"49";"54"
5703;"2019-07-19 19:00:00";"671";"49";"42"
5703;"2019-07-19 19:15:00";"368";"47";"35"
5703;"2019-07-19 19:45:00";"688";"49";"37"
5703;"2019-07-19 20:00:00";"591";"50";"36"
5703;"2019-07-19 20:15:00";"396";"51";"36"
5703;"2019-07-19 20:30:00";"592";"50";"35"
5703;"2019-07-19 20:45:00";"380";"51";"35"
5703;"2019-07-19 21:00:00";"680";"50";"54"
5703;"2019-07-19 21:15:00";"710";"50";"39"
5703;"2019-07-19 21:30:00";"810";"44";"100"
5703;"2019-07-19 21:45:00";"512";"46";"60"
5703;"2019-07-19 22:00:00";"670";"47";"39"
5703;"2019-07-19 22:15:00";"620";"45";"69"
5703;"2019-07-19 22:30:00";"600";"50";"100"
5703;"2019-07-19 23:00:00";"729";"48";"37"
5703;"2019-07-19 23:15:00";"740";"48";"63"
5703;"2019-07-19 23:30:00";"414";"40";"68"
5703;"2019-07-19 23:45:00";"856";"36";"53"
5703;"2019-07-20 00:00:00";"869";"16";"41"
5703;"2019-07-20 00:15:00";"850";"30";"60"
5703;"2019-07-20 00:30:00";"860";"44";"78"
5703;"2019-07-20 01:00:00";"554";"30";"31"
5703;"2019-07-20 01:15:00";"340";"13";"21"
5703;"2019-07-20 01:30:00";"637";"35";"35"
5703;"2019-07-20 01:45:00";"515";"49";"40"
5703;"2019-07-20 02:00:00";"366";"17";"23"
5703;"2019-07-20 02:15:00";"283";"0";"11"
5703;"2019-07-20 02:30:00";"295";"0";"11"
5703;"2019-07-20 02:45:00";"257";"0";"9"
5703;"2019-07-20 03:00:00";"251";"9";"10"
5703;"2019-07-20 04:45:00";"337";"47";"29"
5703;"2019-07-20 05:00:00";"475";"20";"51"
5703;"2019-07-20 05:15:00";"190";"3";"14"
5703;"2019-07-20 05:30:00";"192";"8";"9"
5703;"2019-07-20 05:45:00";"297";"24";"24"
5703;"2019-07-20 06:00:00";"186";"13";"17"
5703;"2019-07-20 06:15:00";"180";"3";"6"
5703;"2019-07-20 06:30:00";"145";"48";"22"
5703;"2019-07-20 06:45:00";"200";"34";"24"
5703;"2019-07-20 07:00:00";"400";"44";"32"
5703;"2019-07-20 07:15:00";"315";"26";"34"
5703;"2019-07-20 07:30:00";"145";"28";"20"
5703;"2019-07-20 07:45:00";"160";"24";"15"
5703;"2019-07-20 08:00:00";"435";"17";"21"
5703;"2019-07-20 08:15:00";"924";"29";"53"
5703;"2019-07-20 08:30:00";"220";"45";"75"
5703;"2019-07-20 08:45:00";"389";"49";"29"
5703;"2019-07-20 09:15:00";"468";"26";"24"
5703;"2019-07-20 09:30:00";"573";"36";"27"
5703;"2019-07-20 10:15:00";"240";"50";"60"
5703;"2019-07-20 10:45:00";"196";"50";"28"
5703;"2019-07-20 11:00:00";"983";"50";"56"
5703;"2019-07-20 11:15:00";"407";"50";"42"
5703;"2019-07-20 11:30:00";"427";"49";"31"
5703;"2019-07-20 11:45:00";"563";"45";"40"
5703;"2019-07-20 12:00:00";"693";"49";"41"
5703;"2019-07-20 12:15:00";"975";"48";"52"
5703;"2019-07-20 12:30:00";"248";"47";"36"
5703;"2019-07-20 12:45:00";"388";"48";"35"
5703;"2019-07-20 13:00:00";"436";"49";"34"
5703;"2019-07-20 13:15:00";"1500";"48";"87"
5703;"2019-07-20 13:30:00";"560";"50";"48"
5703;"2019-07-20 13:45:00";"671";"46";"46"
5703;"2019-07-20 14:00:00";"686";"39";"45"
5703;"2019-07-20 14:15:00";"623";"36";"45"
5703;"2019-07-20 14:30:00";"823";"49";"48"
5703;"2019-07-20 14:45:00";"610";"47";"63"
5703;"2019-07-20 15:00:00";"563";"45";"49"
5703;"2019-07-20 15:15:00";"409";"37";"43"
5703;"2019-07-20 15:30:00";"549";"48";"51"
5703;"2019-07-20 15:45:00";"698";"48";"54"
5703;"2019-07-20 16:00:00";"556";"47";"46"
5703;"2019-07-20 16:15:00";"293";"45";"29"
5703;"2019-07-20 16:30:00";"533";"47";"48"
5703;"2019-07-20 16:45:00";"443";"16";"27"
5703;"2019-07-20 17:00:00";"395";"8";"19"
5703;"2019-07-20 17:15:00";"391";"23";"20"
5703;"2019-07-20 17:45:00";"406";"20";"25"
5703;"2019-07-20 18:00:00";"444";"28";"27"
5703;"2019-07-20 18:15:00";"401";"22";"23"
5703;"2019-07-20 18:30:00";"422";"25";"25"
5703;"2019-07-20 18:45:00";"619";"33";"67"
5703;"2019-07-20 19:00:00";"176";"50";"39"
5703;"2019-07-20 19:15:00";"253";"50";"28"
5703;"2019-07-20 19:45:00";"653";"45";"76"
5703;"2019-07-20 20:00:00";"167";"50";"32"
5703;"2019-07-20 20:15:00";"213";"50";"30"
5703;"2019-07-20 20:45:00";"630";"48";"38"
5703;"2019-07-20 21:00:00";"663";"49";"63"
5703;"2019-07-20 21:15:00";"280";"50";"37"
5703;"2019-07-20 21:30:00";"364";"40";"30"
5703;"2019-07-20 21:45:00";"458";"37";"30"
5703;"2019-07-20 22:00:00";"568";"48";"32"
5703;"2019-07-20 22:15:00";"353";"51";"31"
5703;"2019-07-20 22:30:00";"160";"50";"30"
5703;"2019-07-20 22:45:00";"287";"51";"29"
5703;"2019-07-20 23:00:00";"208";"50";"28"
5703;"2019-07-21 00:15:00";"160";"49";"29"
5703;"2019-07-21 00:30:00";"400";"47";"30"
5703;"2019-07-21 00:45:00";"260";"49";"30"
5703;"2019-07-21 02:45:00";"160";"15";"20"
5703;"2019-07-21 03:00:00";"354";"0";"12"
5703;"2019-07-21 03:15:00";"263";"10";"15"
5703;"2019-07-21 03:30:00";"187";"1";"9"
5703;"2019-07-21 03:45:00";"189";"0";"7"
5703;"2019-07-21 04:00:00";"210";"1";"7"
5703;"2019-07-21 04:15:00";"148";"0";"6"
5703;"2019-07-21 04:30:00";"157";"6";"6"
5703;"2019-07-21 04:45:00";"202";"6";"10"
5703;"2019-07-21 05:00:00";"359";"4";"24"
5703;"2019-07-21 05:15:00";"129";"1";"9"
5703;"2019-07-21 05:30:00";"152";"0";"4"
5703;"2019-07-21 05:45:00";"159";"0";"5"
5703;"2019-07-21 06:00:00";"148";"0";"6"
5703;"2019-07-21 06:15:00";"156";"6";"6"
5703;"2019-07-21 06:30:00";"240";"7";"13"
5703;"2019-07-21 06:45:00";"208";"0";"6"
5703;"2019-07-21 07:00:00";"214";"13";"13"
5703;"2019-07-21 07:15:00";"229";"4";"9"
5703;"2019-07-21 07:30:00";"570";"13";"27"
5703;"2019-07-21 07:45:00";"166";"13";"16"
5703;"2019-07-21 08:00:00";"80";"18";"10"
5703;"2019-07-21 08:30:00";"160";"49";"93"
5703;"2019-07-21 08:45:00";"793";"26";"40"
5703;"2019-07-21 09:00:00";"260";"42";"48"
5703;"2019-07-21 09:15:00";"798";"18";"34"
5703;"2019-07-21 09:30:00";"147";"29";"23"
5703;"2019-07-21 09:45:00";"177";"25";"20"
5703;"2019-07-21 10:00:00";"382";"8";"28"
5703;"2019-07-21 10:15:00";"639";"25";"36"
5703;"2019-07-21 10:30:00";"287";"29";"35"
5703;"2019-07-21 10:45:00";"564";"48";"35"
5703;"2019-07-21 11:00:00";"688";"47";"37"
5703;"2019-07-21 11:15:00";"571";"15";"36"
5703;"2019-07-21 11:30:00";"435";"43";"30"
5703;"2019-07-21 11:45:00";"727";"48";"38"
5703;"2019-07-21 12:00:00";"765";"39";"36"
5703;"2019-07-21 12:15:00";"265";"40";"27"
5703;"2019-07-21 12:30:00";"623";"45";"32"
5703;"2019-07-21 12:45:00";"456";"26";"27"
5703;"2019-07-21 13:15:00";"670";"49";"50"
5703;"2019-07-21 13:30:00";"713";"45";"40"
5703;"2019-07-21 13:45:00";"233";"50";"29"
5703;"2019-07-21 14:00:00";"497";"50";"33"
5703;"2019-07-21 14:15:00";"480";"49";"36"
5703;"2019-07-21 14:30:00";"297";"48";"31"
5703;"2019-07-21 14:45:00";"203";"50";"29"
5703;"2019-07-21 15:00:00";"363";"48";"29"
5703;"2019-07-21 15:15:00";"427";"48";"32"
5703;"2019-07-21 15:45:00";"220";"31";"24"
5703;"2019-07-21 16:00:00";"684";"39";"34"
5703;"2019-07-21 16:15:00";"640";"29";"40"
5703;"2019-07-21 16:30:00";"452";"40";"33"
5703;"2019-07-21 16:45:00";"549";"38";"30"
5703;"2019-07-21 17:00:00";"203";"49";"49"
5703;"2019-07-21 17:15:00";"1036";"34";"55"
5703;"2019-07-21 17:30:00";"289";"31";"28"
5703;"2019-07-21 17:45:00";"605";"47";"36"
5703;"2019-07-21 18:00:00";"406";"7";"57"
5703;"2019-07-21 18:15:00";"238";"31";"23"
5703;"2019-07-21 18:30:00";"350";"20";"22"
5703;"2019-07-21 19:15:00";"366";"50";"29"
5703;"2019-07-21 19:30:00";"240";"38";"26"
5703;"2019-07-21 19:45:00";"427";"51";"30"
5703;"2019-07-21 20:45:00";"307";"50";"30"
5703;"2019-07-21 21:00:00";"330";"38";"27"
5703;"2019-07-21 21:15:00";"465";"22";"27"
5703;"2019-07-21 21:30:00";"188";"50";"29"
5703;"2019-07-21 21:45:00";"455";"22";"27"
5703;"2019-07-21 22:00:00";"491";"19";"27"
5703;"2019-07-21 22:15:00";"389";"20";"22"
5703;"2019-07-21 23:00:00";"173";"50";"29"
5703;"2019-07-21 23:15:00";"320";"51";"29"
5703;"2019-07-21 23:30:00";"187";"50";"28"
5703;"2019-07-22 00:30:00";"227";"49";"28"
5703;"2019-07-22 06:00:00";"130";"20";"21"
5703;"2019-07-22 06:15:00";"104";"6";"10"
5703;"2019-07-22 06:30:00";"130";"13";"7"
5703;"2019-07-22 07:00:00";"83";"50";"25"
5703;"2019-07-22 07:15:00";"400";"49";"32"
5703;"2019-07-22 07:30:00";"360";"45";"31"
5703;"2019-07-22 07:45:00";"733";"50";"37"
5703;"2019-07-22 08:00:00";"485";"45";"35"
5703;"2019-07-22 08:15:00";"1000";"50";"40"
5703;"2019-07-22 08:30:00";"906";"50";"49"
5703;"2019-07-22 08:45:00";"637";"49";"44"
5703;"2019-07-22 09:00:00";"730";"51";"40"
5703;"2019-07-22 09:15:00";"727";"49";"68"
5703;"2019-07-22 09:30:00";"965";"43";"82"
5703;"2019-07-22 09:45:00";"876";"49";"73"
5703;"2019-07-22 10:00:00";"707";"33";"51"
5703;"2019-07-22 10:15:00";"445";"46";"33"
5703;"2019-07-22 10:30:00";"535";"23";"28"
5703;"2019-07-22 10:45:00";"933";"50";"46"
5703;"2019-07-22 11:00:00";"608";"45";"45"
5703;"2019-07-22 11:15:00";"533";"44";"38"
5703;"2019-07-22 11:30:00";"795";"47";"42"
5703;"2019-07-22 11:45:00";"420";"52";"37"
5703;"2019-07-22 12:00:00";"697";"48";"39"
5703;"2019-07-22 12:15:00";"632";"50";"37"
5703;"2019-07-22 12:30:00";"900";"53";"51"
5703;"2019-07-22 12:45:00";"690";"45";"63"
5703;"2019-07-22 13:00:00";"973";"50";"50"
5703;"2019-07-22 13:15:00";"616";"51";"41"
5703;"2019-07-22 13:30:00";"995";"31";"47"
5703;"2019-07-22 13:45:00";"640";"39";"40"
5703;"2019-07-22 14:00:00";"580";"49";"36"
5703;"2019-07-22 14:15:00";"474";"50";"46"
5703;"2019-07-22 14:30:00";"932";"50";"47"
5703;"2019-07-22 14:45:00";"560";"49";"39"
5703;"2019-07-22 15:00:00";"786";"31";"36"
5703;"2019-07-22 15:15:00";"835";"20";"41"
5703;"2019-07-22 15:30:00";"758";"31";"39"
5703;"2019-07-22 15:45:00";"972";"47";"59"
5703;"2019-07-22 16:00:00";"537";"37";"40"
5703;"2019-07-22 16:15:00";"792";"40";"43"
5703;"2019-07-22 16:30:00";"468";"46";"43"
5703;"2019-07-22 16:45:00";"499";"33";"32"
5703;"2019-07-22 17:00:00";"557";"29";"30"
5703;"2019-07-22 17:15:00";"458";"40";"31"
5703;"2019-07-22 17:30:00";"796";"24";"39"
5703;"2019-07-22 17:45:00";"441";"42";"34"
5703;"2019-07-22 18:00:00";"562";"35";"34"
5703;"2019-07-22 18:15:00";"533";"51";"34"
5703;"2019-07-22 18:30:00";"753";"32";"56"
5703;"2019-07-22 18:45:00";"649";"47";"40"
5703;"2019-07-22 19:00:00";"720";"51";"41"
5703;"2019-07-22 19:15:00";"568";"51";"41"
5703;"2019-07-22 19:30:00";"693";"51";"40"
5703;"2019-07-22 19:45:00";"397";"51";"40"
5703;"2019-07-22 20:00:00";"340";"51";"34"
5703;"2019-07-22 20:30:00";"453";"52";"34"
5703;"2019-07-22 20:45:00";"880";"49";"39"
5703;"2019-07-22 21:00:00";"871";"48";"45"
5703;"2019-07-22 21:15:00";"280";"49";"30"
5703;"2019-07-22 21:45:00";"240";"51";"31"
5703;"2019-07-22 22:00:00";"185";"50";"30"
5703;"2019-07-22 22:30:00";"247";"49";"28"
5703;"2019-07-22 22:45:00";"465";"29";"27"
5703;"2019-07-22 23:00:00";"385";"32";"27"
5703;"2019-07-22 23:15:00";"290";"39";"39"
5703;"2019-07-23 00:15:00";"133";"49";"27"
5703;"2019-07-23 02:45:00";"480";"48";"27"
5703;"2019-07-23 03:00:00";"275";"48";"31"
5703;"2019-07-23 03:30:00";"454";"49";"36"
5703;"2019-07-23 03:45:00";"60";"49";"24"
5703;"2019-07-23 04:15:00";"620";"46";"52"
5703;"2019-07-23 04:45:00";"68";"48";"78"
5703;"2019-07-23 06:15:00";"973";"18";"49"
5703;"2019-07-23 06:30:00";"526";"29";"40"
5703;"2019-07-23 06:45:00";"972";"48";"36"
5703;"2019-07-23 07:00:00";"565";"47";"33"
5703;"2019-07-23 07:15:00";"421";"34";"29"
5703;"2019-07-23 07:30:00";"480";"20";"23"
5703;"2019-07-23 07:45:00";"753";"47";"43"
5703;"2019-07-23 08:00:00";"877";"49";"49"
5703;"2019-07-23 08:15:00";"851";"48";"44"
5703;"2019-07-23 08:30:00";"962";"51";"50"
5703;"2019-07-23 08:45:00";"715";"53";"41"
5703;"2019-07-23 09:00:00";"590";"50";"41"
5703;"2019-07-23 09:30:00";"834";"46";"44"
5703;"2019-07-23 09:45:00";"743";"48";"41"
5703;"2019-07-23 10:00:00";"585";"51";"37"
5703;"2019-07-23 10:15:00";"260";"51";"38"
5703;"2019-07-24 16:45:00";"555";"18";"30"
5703;"2019-07-24 17:00:00";"842";"40";"38"
5703;"2019-07-24 17:15:00";"686";"37";"62"
5703;"2019-07-24 17:30:00";"430";"35";"34"
5703;"2019-07-24 17:45:00";"812";"48";"40"
5703;"2019-07-24 18:00:00";"1050";"47";"95"
5703;"2019-07-24 18:15:00";"978";"41";"84"
5703;"2019-07-24 18:30:00";"760";"48";"51"
5703;"2019-07-24 18:45:00";"767";"43";"69"
5703;"2019-07-24 19:00:00";"839";"46";"45"
5703;"2019-07-24 19:15:00";"844";"47";"45"
5703;"2019-07-24 19:30:00";"986";"36";"59"
5703;"2019-07-24 19:45:00";"890";"42";"95"
5703;"2019-07-24 20:00:00";"557";"41";"58"
5703;"2019-07-24 20:15:00";"592";"34";"35"
5703;"2019-07-24 20:30:00";"720";"39";"41"
5703;"2019-07-24 20:45:00";"800";"29";"54"
5703;"2019-07-24 21:00:00";"732";"43";"43"
5703;"2019-07-24 21:15:00";"540";"40";"56"
5703;"2019-07-24 21:30:00";"608";"46";"38"
5703;"2019-07-24 21:45:00";"731";"47";"69"
5703;"2019-07-24 22:00:00";"642";"22";"49"
5703;"2019-07-24 22:15:00";"504";"22";"35"
5703;"2019-07-24 22:30:00";"247";"49";"35"
5703;"2019-07-24 23:00:00";"540";"49";"31"
5703;"2019-07-24 23:15:00";"200";"50";"29"
5703;"2019-07-24 23:45:00";"150";"48";"27"
5703;"2019-07-25 00:00:00";"273";"50";"31"
5703;"2019-07-25 01:00:00";"200";"49";"27"
5703;"2019-07-25 01:15:00";"486";"6";"30"
5703;"2019-07-25 01:30:00";"245";"13";"14"
5703;"2019-07-25 01:45:00";"800";"40";"29"
5703;"2019-07-25 02:00:00";"743";"22";"61"
5703;"2019-07-25 02:15:00";"431";"7";"21"
5703;"2019-07-25 02:30:00";"373";"30";"28"
5703;"2019-07-25 02:45:00";"264";"48";"30"
5703;"2019-07-25 04:30:00";"45";"24";"16"
5703;"2019-07-25 04:45:00";"100";"7";"4"
5703;"2019-07-25 05:45:00";"40";"19";"15"
5703;"2019-07-25 06:30:00";"100";"48";"24"
5703;"2019-07-25 06:45:00";"430";"48";"41"
5703;"2019-07-25 07:00:00";"197";"48";"33"
5703;"2019-07-25 07:15:00";"340";"37";"28"
5703;"2019-07-25 07:45:00";"580";"26";"31"
5703;"2019-07-25 08:00:00";"780";"43";"41"
5703;"2019-07-25 08:15:00";"561";"48";"38"
5703;"2019-07-25 08:30:00";"778";"50";"47"
5703;"2019-07-25 08:45:00";"706";"43";"44"
5703;"2019-07-25 09:00:00";"793";"49";"60"
5703;"2019-07-25 09:15:00";"857";"50";"78"
5703;"2019-07-25 09:30:00";"859";"45";"54"
5703;"2019-07-25 09:45:00";"558";"46";"37"
5703;"2019-07-25 10:00:00";"793";"47";"45"
5703;"2019-07-25 10:15:00";"586";"45";"39"
5703;"2019-07-25 10:30:00";"474";"49";"40"
5703;"2019-07-25 10:45:00";"498";"46";"34"
5703;"2019-07-25 11:00:00";"702";"42";"43"
5703;"2019-07-25 11:15:00";"722";"45";"43"
5703;"2019-07-25 11:30:00";"751";"43";"46"
5703;"2019-07-25 11:45:00";"782";"37";"45"
5703;"2019-07-25 12:00:00";"764";"48";"40"
5703;"2019-07-25 12:15:00";"690";"48";"39"
5703;"2019-07-25 12:30:00";"981";"41";"49"
5703;"2019-07-25 12:45:00";"860";"43";"55"
5703;"2019-07-25 13:00:00";"772";"49";"60"
5703;"2019-07-25 13:15:00";"727";"49";"71"
5703;"2019-07-25 13:30:00";"1060";"46";"62"
5703;"2019-07-25 13:45:00";"598";"38";"44"
5703;"2019-07-25 14:00:00";"1128";"32";"44"
5703;"2019-07-25 14:15:00";"887";"49";"54"
5703;"2019-07-25 14:30:00";"707";"38";"50"
5703;"2019-07-25 14:45:00";"869";"32";"41"
5703;"2019-07-25 15:00:00";"632";"50";"43"
5703;"2019-07-25 15:15:00";"914";"44";"55"
5703;"2019-07-25 15:30:00";"595";"49";"60"
5703;"2019-07-25 15:45:00";"450";"50";"37"
5703;"2019-07-25 16:00:00";"707";"46";"50"
5703;"2019-07-25 16:15:00";"418";"45";"33"
5703;"2019-07-25 16:30:00";"585";"25";"32"
5703;"2019-07-25 16:45:00";"678";"44";"50"
5703;"2019-07-25 17:00:00";"385";"49";"50"
5703;"2019-07-25 17:15:00";"951";"50";"63"
5703;"2019-07-25 17:30:00";"546";"51";"54"
5703;"2019-07-25 17:45:00";"667";"36";"55"
5703;"2019-07-25 18:00:00";"940";"50";"100"
5703;"2019-07-25 18:15:00";"1076";"45";"87"
5703;"2019-07-25 18:30:00";"786";"45";"86"
5703;"2019-07-25 18:45:00";"737";"41";"48"
5703;"2019-07-25 19:00:00";"765";"34";"38"
5703;"2019-07-25 19:15:00";"808";"42";"52"
5703;"2019-07-25 19:30:00";"1038";"42";"59"
5703;"2019-07-25 19:45:00";"905";"44";"57"
5703;"2019-07-25 20:00:00";"742";"47";"49"
5703;"2019-07-25 20:15:00";"777";"48";"54"
5703;"2019-07-25 20:30:00";"1032";"45";"68"
5703;"2019-07-25 20:45:00";"600";"48";"67"
5703;"2019-07-25 21:00:00";"907";"46";"63"
5703;"2019-07-25 21:15:00";"573";"48";"53"
5703;"2019-07-25 21:30:00";"700";"47";"43"
5703;"2019-07-25 21:45:00";"544";"49";"48"
5703;"2019-07-25 22:00:00";"717";"37";"41"
5703;"2019-07-25 22:15:00";"419";"35";"31"
5703;"2019-07-25 22:30:00";"362";"48";"32"
5703;"2019-07-25 22:45:00";"540";"47";"41"
5703;"2019-07-25 23:00:00";"634";"48";"41"
5703;"2019-07-25 23:15:00";"185";"50";"31"
5703;"2019-07-25 23:45:00";"653";"42";"37"
5703;"2019-07-26 00:45:00";"233";"50";"28"
5703;"2019-07-26 01:15:00";"263";"48";"32"
5703;"2019-07-26 02:15:00";"167";"48";"25"
5703;"2019-07-26 02:45:00";"313";"48";"26"
5703;"2019-07-26 03:15:00";"120";"46";"24"
5703;"2019-07-26 03:30:00";"89";"39";"24"
5703;"2019-07-26 03:45:00";"203";"9";"11"
5703;"2019-07-26 04:00:00";"500";"48";"22"
5703;"2019-07-26 04:30:00";"100";"49";"24"
5703;"2019-07-26 04:45:00";"272";"48";"27"
5703;"2019-07-26 05:00:00";"150";"48";"24"
5703;"2019-07-26 05:15:00";"286";"48";"28"
5703;"2019-07-26 05:45:00";"645";"49";"31"
5703;"2019-07-26 06:15:00";"149";"47";"24"
5703;"2019-07-26 06:30:00";"153";"46";"25"
5703;"2019-07-26 06:45:00";"374";"17";"25"
5703;"2019-07-26 07:00:00";"686";"44";"31"
5703;"2019-07-26 07:15:00";"572";"41";"35"
5703;"2019-07-26 07:30:00";"407";"45";"35"
5703;"2019-07-26 07:45:00";"708";"47";"45"
5703;"2019-07-26 08:00:00";"772";"47";"64"
5703;"2019-07-26 08:15:00";"1044";"35";"70"
5703;"2019-07-26 08:30:00";"937";"31";"61"
5703;"2019-07-26 08:45:00";"805";"41";"43"
5703;"2019-07-26 09:00:00";"717";"48";"59"
5703;"2019-07-26 09:15:00";"667";"49";"48"
5703;"2019-07-26 09:30:00";"972";"42";"43"
5703;"2019-07-26 10:15:00";"280";"51";"44"
5703;"2019-07-26 10:30:00";"642";"42";"55"
5703;"2019-07-26 10:45:00";"516";"51";"38"
5703;"2019-07-26 11:00:00";"708";"51";"47"
5703;"2019-07-26 11:15:00";"1095";"51";"53"
5703;"2019-07-26 11:30:00";"565";"51";"46"
5703;"2019-07-26 11:45:00";"1050";"39";"62"
5703;"2019-07-26 12:00:00";"615";"39";"42"
5703;"2019-07-26 12:15:00";"750";"52";"40"
5703;"2019-07-26 12:30:00";"620";"53";"41"
5703;"2019-07-26 12:45:00";"615";"45";"36"
5703;"2019-07-26 13:00:00";"931";"49";"44"
5703;"2019-07-26 13:15:00";"540";"54";"37"
5703;"2019-07-26 13:30:00";"631";"51";"42"
5703;"2019-07-26 13:45:00";"650";"50";"40"
5703;"2019-07-26 14:00:00";"815";"50";"42"
5703;"2019-07-26 14:15:00";"603";"51";"46"
5703;"2019-07-26 14:30:00";"508";"36";"47"
5703;"2019-07-26 14:45:00";"718";"50";"44"
5703;"2019-07-26 15:00:00";"488";"47";"38"
5703;"2019-07-26 15:15:00";"918";"49";"48"
5703;"2019-07-26 15:30:00";"528";"51";"40"
5703;"2019-07-26 15:45:00";"706";"49";"41"
5703;"2019-07-26 16:00:00";"869";"51";"42"
5703;"2019-07-26 16:15:00";"677";"46";"48"
5703;"2019-07-26 16:30:00";"937";"39";"62"
5703;"2019-07-26 16:45:00";"491";"44";"39"
5703;"2019-07-26 17:00:00";"706";"29";"37"
5703;"2019-07-26 17:15:00";"874";"41";"50"
5703;"2019-07-26 17:30:00";"588";"41";"41"
5703;"2019-07-26 17:45:00";"488";"30";"37"
5703;"2019-07-26 18:00:00";"488";"41";"31"
5703;"2019-07-26 18:15:00";"490";"34";"34"
5703;"2019-07-26 18:30:00";"654";"24";"30"
5703;"2019-07-26 18:45:00";"567";"29";"31"
5703;"2019-07-26 19:00:00";"519";"29";"31"
5703;"2019-07-26 19:15:00";"812";"33";"37"
5703;"2019-07-26 19:30:00";"782";"30";"56"
5703;"2019-07-26 19:45:00";"654";"33";"40"
5703;"2019-07-26 20:00:00";"623";"32";"38"
5703;"2019-07-26 20:15:00";"744";"46";"45"
5703;"2019-07-26 20:30:00";"640";"41";"39"
5703;"2019-07-26 20:45:00";"548";"30";"42"
5703;"2019-07-26 21:00:00";"647";"38";"35"
5703;"2019-07-26 21:15:00";"1115";"20";"43"
5703;"2019-07-26 21:30:00";"724";"39";"83"
5703;"2019-07-26 21:45:00";"747";"30";"71"
5703;"2019-07-26 22:00:00";"605";"29";"34"
5703;"2019-07-26 22:15:00";"900";"22";"42"
5703;"2019-07-26 22:30:00";"610";"27";"35"
5703;"2019-07-26 22:45:00";"880";"33";"100"
5703;"2019-07-26 23:00:00";"450";"29";"68"
5703;"2019-07-26 23:15:00";"430";"44";"100"
5703;"2019-07-26 23:30:00";"713";"46";"52"
5703;"2019-07-26 23:45:00";"732";"49";"75"
5703;"2019-07-27 00:00:00";"504";"43";"40"
5703;"2019-07-27 00:15:00";"584";"9";"39"
5703;"2019-07-27 00:30:00";"502";"47";"34"
5703;"2019-07-27 00:45:00";"723";"24";"41"
5703;"2019-07-27 01:00:00";"893";"31";"94"
5703;"2019-07-27 01:15:00";"483";"49";"46"
5703;"2019-07-27 01:30:00";"676";"44";"43"
5703;"2019-07-27 01:45:00";"735";"42";"49"
5703;"2019-07-27 02:00:00";"704";"44";"40"
5703;"2019-07-27 02:15:00";"340";"16";"81"
5703;"2019-07-27 02:30:00";"279";"1";"24"
5703;"2019-07-27 02:45:00";"258";"1";"11"
5703;"2019-07-27 03:00:00";"177";"20";"14"
5703;"2019-07-27 03:30:00";"67";"49";"24"
5703;"2019-07-27 03:45:00";"480";"46";"36"
5703;"2019-07-27 04:00:00";"403";"46";"37"
5703;"2019-07-27 04:15:00";"313";"47";"32"
5703;"2019-07-27 04:30:00";"745";"42";"52"
5703;"2019-07-27 04:45:00";"1167";"40";"84"
5703;"2019-07-27 05:00:00";"688";"44";"53"
5703;"2019-07-27 05:15:00";"583";"44";"72"
5703;"2019-07-27 05:30:00";"404";"46";"40"
5703;"2019-07-27 05:45:00";"240";"48";"30"
5703;"2019-07-27 06:00:00";"416";"47";"27"
5703;"2019-07-27 06:15:00";"330";"47";"40"
5703;"2019-07-27 06:30:00";"260";"10";"40"
5703;"2019-07-27 06:45:00";"182";"23";"15"
5703;"2019-07-27 07:00:00";"290";"36";"41"
5703;"2019-07-27 07:15:00";"445";"48";"29"
5703;"2019-07-27 07:30:00";"476";"35";"42"
5703;"2019-07-27 07:45:00";"265";"8";"17"
5703;"2019-07-27 08:00:00";"175";"27";"16"
5703;"2019-07-27 08:15:00";"685";"22";"66"
5703;"2019-07-27 08:30:00";"635";"30";"71"
5703;"2019-07-27 08:45:00";"713";"41";"51"
5703;"2019-07-27 09:00:00";"561";"44";"48"
5703;"2019-07-27 09:15:00";"580";"48";"32"
5703;"2019-07-27 09:30:00";"692";"20";"36"
5703;"2019-07-27 09:45:00";"360";"25";"90"
5703;"2019-07-27 10:00:00";"602";"49";"47"
5703;"2019-07-27 10:15:00";"628";"18";"63"
5703;"2019-07-27 10:30:00";"640";"49";"51"
5703;"2019-07-27 10:45:00";"754";"43";"46"
5703;"2019-07-27 11:15:00";"480";"43";"39"
5703;"2019-07-27 11:30:00";"719";"9";"30"
5703;"2019-07-27 11:45:00";"448";"40";"28"
5703;"2019-07-27 12:00:00";"533";"48";"84"
5703;"2019-07-27 12:15:00";"580";"27";"57"
5703;"2019-07-27 12:30:00";"940";"38";"38"
5703;"2019-07-27 12:45:00";"498";"45";"50"
5703;"2019-07-27 13:00:00";"470";"48";"38"
5703;"2019-07-27 13:15:00";"790";"48";"37"
5703;"2019-07-27 13:30:00";"393";"51";"33"
5703;"2019-07-27 14:00:00";"576";"41";"33"
5703;"2019-07-27 14:15:00";"932";"19";"38"
5703;"2019-07-27 14:30:00";"844";"49";"43"
5703;"2019-07-27 14:45:00";"1160";"47";"36"
5703;"2019-07-27 15:00:00";"1064";"43";"40"
5703;"2019-07-27 15:15:00";"402";"48";"35"
5703;"2019-07-27 15:30:00";"313";"51";"31"
5703;"2019-07-27 15:45:00";"860";"49";"42"
5703;"2019-07-27 16:00:00";"750";"37";"63"
5703;"2019-07-27 16:15:00";"662";"32";"46"
5703;"2019-07-27 16:30:00";"782";"18";"42"
5703;"2019-07-27 16:45:00";"686";"46";"64"
5703;"2019-07-27 17:00:00";"225";"49";"35"
5703;"2019-07-27 17:15:00";"446";"50";"37"
5703;"2019-07-27 17:30:00";"374";"46";"33"
5703;"2019-07-27 17:45:00";"480";"49";"38"
5703;"2019-07-27 18:00:00";"572";"44";"38"
5703;"2019-07-27 18:15:00";"588";"50";"38"
5703;"2019-07-27 18:30:00";"631";"44";"39"
5703;"2019-07-27 18:45:00";"650";"34";"55"
5703;"2019-07-27 19:00:00";"500";"30";"35"
5703;"2019-07-27 19:15:00";"536";"50";"33"
5703;"2019-07-27 19:30:00";"324";"47";"47"
5703;"2019-07-27 19:45:00";"406";"48";"36"
5703;"2019-07-27 20:00:00";"334";"32";"27"
5703;"2019-07-27 20:15:00";"367";"45";"26"
5703;"2019-07-27 20:30:00";"167";"48";"27"
5703;"2019-07-27 20:45:00";"170";"50";"28"
5703;"2019-07-27 21:00:00";"267";"50";"32"
5703;"2019-07-27 21:15:00";"820";"48";"40"
5703;"2019-07-27 21:30:00";"350";"50";"36"
5703;"2019-07-27 21:45:00";"583";"50";"38"
5703;"2019-07-27 22:00:00";"627";"35";"44"
5703;"2019-07-27 22:15:00";"685";"48";"33"
5703;"2019-07-27 22:30:00";"688";"47";"68"
5703;"2019-07-27 22:45:00";"656";"46";"43"
5703;"2019-07-27 23:00:00";"515";"48";"42"
5703;"2019-07-27 23:15:00";"756";"41";"44"
5703;"2019-07-27 23:30:00";"676";"40";"44"
5703;"2019-07-27 23:45:00";"1137";"36";"57"
5703;"2019-07-28 00:00:00";"734";"24";"46"
5703;"2019-07-28 00:15:00";"683";"17";"28"
5703;"2019-07-28 00:30:00";"720";"46";"52"
5703;"2019-07-28 00:45:00";"518";"48";"34"
5703;"2019-07-28 01:00:00";"367";"47";"51"
5703;"2019-07-28 01:15:00";"140";"50";"58"
5703;"2019-07-28 02:00:00";"160";"49";"26"
5703;"2019-07-28 02:15:00";"180";"47";"26"
5703;"2019-07-28 02:30:00";"302";"33";"25"
5703;"2019-07-28 02:45:00";"300";"16";"19"
5703;"2019-07-28 03:00:00";"140";"49";"26"
5703;"2019-07-28 03:15:00";"263";"10";"23"
5703;"2019-07-28 03:30:00";"286";"6";"12"
5703;"2019-07-28 03:45:00";"273";"2";"13"
5703;"2019-07-28 04:00:00";"274";"1";"9"
5703;"2019-07-28 04:15:00";"157";"1";"8"
5703;"2019-07-28 04:30:00";"193";"10";"9"
5703;"2019-07-28 04:45:00";"223";"3";"11"
5703;"2019-07-28 05:00:00";"157";"1";"8"
5703;"2019-07-28 05:15:00";"225";"12";"12"
5703;"2019-07-28 05:30:00";"382";"12";"52"
5703;"2019-07-28 05:45:00";"414";"33";"26"
5703;"2019-07-28 06:15:00";"487";"21";"49"
5703;"2019-07-28 06:30:00";"184";"1";"13"
5703;"2019-07-28 06:45:00";"141";"0";"7"
5703;"2019-07-28 07:00:00";"127";"17";"12"
5703;"2019-07-28 07:15:00";"110";"1";"8"
5703;"2019-07-28 07:30:00";"418";"3";"25"
5703;"2019-07-28 07:45:00";"316";"26";"17"
5703;"2019-07-28 08:00:00";"782";"26";"37"
5703;"2019-07-28 08:15:00";"124";"9";"13"
5703;"2019-07-28 08:30:00";"204";"15";"10"
5703;"2019-07-28 08:45:00";"727";"35";"30"
5703;"2019-07-28 09:15:00";"300";"42";"28"
5703;"2019-07-28 09:30:00";"490";"35";"44"
5703;"2019-07-28 09:45:00";"637";"14";"30"
5703;"2019-07-28 10:00:00";"793";"24";"51"
5703;"2019-07-28 10:15:00";"521";"20";"51"
5703;"2019-07-28 10:30:00";"308";"26";"32"
5703;"2019-07-28 10:45:00";"93";"48";"24"
5703;"2019-07-28 11:00:00";"233";"23";"21"
5703;"2019-07-28 11:15:00";"318";"24";"23"
5703;"2019-07-28 11:30:00";"633";"47";"37"
5703;"2019-07-28 12:00:00";"448";"30";"69"
5703;"2019-07-28 12:15:00";"947";"46";"36"
5703;"2019-07-28 12:30:00";"459";"19";"49"
5703;"2019-07-28 12:45:00";"589";"42";"43"
5703;"2019-07-28 13:00:00";"486";"23";"36"
5703;"2019-07-28 13:15:00";"364";"51";"31"
5703;"2019-07-28 13:30:00";"400";"35";"40"
5703;"2019-07-28 13:45:00";"829";"45";"39"
5703;"2019-07-28 14:00:00";"448";"48";"68"
5703;"2019-07-28 14:15:00";"920";"38";"58"
5703;"2019-07-28 14:30:00";"718";"41";"48"
5703;"2019-07-28 14:45:00";"631";"45";"43"
5703;"2019-07-28 15:00:00";"560";"44";"48"
5703;"2019-07-28 15:15:00";"583";"49";"33"
5703;"2019-07-28 15:30:00";"512";"48";"61"
5703;"2019-07-28 15:45:00";"224";"48";"35"
5703;"2019-07-28 16:00:00";"393";"33";"45"
5703;"2019-07-28 16:15:00";"1360";"48";"33"
5703;"2019-07-28 16:30:00";"490";"24";"49"
5703;"2019-07-28 16:45:00";"250";"9";"16"
5703;"2019-07-28 17:00:00";"457";"45";"33"
5703;"2019-07-28 17:15:00";"280";"22";"25"
5703;"2019-07-28 17:30:00";"318";"23";"23"
5703;"2019-07-28 17:45:00";"740";"49";"43"
5703;"2019-07-28 18:00:00";"467";"13";"37"
5703;"2019-07-28 18:15:00";"383";"40";"24"
5703;"2019-07-28 18:30:00";"1080";"47";"46"
5703;"2019-07-28 18:45:00";"730";"46";"52"
5703;"2019-07-28 19:00:00";"247";"50";"29"
5703;"2019-07-28 19:15:00";"260";"49";"28"
5703;"2019-07-28 19:30:00";"220";"50";"29"
5703;"2019-07-28 19:45:00";"230";"51";"28"
5703;"2019-07-28 20:00:00";"196";"50";"30"
5703;"2019-07-28 20:15:00";"280";"49";"29"
5703;"2019-07-28 20:30:00";"252";"48";"31"
5703;"2019-07-28 21:00:00";"360";"51";"32"
5703;"2019-07-28 21:15:00";"220";"50";"32"
5703;"2019-07-28 21:30:00";"460";"50";"32"
5703;"2019-07-28 22:15:00";"303";"51";"31"
5703;"2019-07-29 00:00:00";"240";"51";"29"
5703;"2019-07-29 07:00:00";"1060";"49";"42"
5703;"2019-07-29 07:15:00";"401";"49";"37"
5703;"2019-07-29 07:30:00";"345";"48";"33"
5703;"2019-07-29 07:45:00";"286";"57";"32"
